[{"ID":"EPA0001","Standard":"1","EffectiveFrom":"2015-12-31T00:00:00","EffectiveTo":null},{"ID":"EPA0001","Standard":"142","EffectiveFrom":"2017-10-01T00:00:00","EffectiveTo":null},{"ID":"EPA0001","Standard":"154","EffectiveFrom":"2017-10-01T00:00:00","EffectiveTo":null},{"ID":"EPA0001","Standard":"155","EffectiveFrom":"2017-10-01T00:00:00","EffectiveTo":null},{"ID":"EPA0001","Standard":"165","EffectiveFrom":"2017-10-01T00:00:00","EffectiveTo":null},{"ID":"EPA0001","Standard":"2","EffectiveFrom":"2015-12-31T00:00:00","EffectiveTo":null},{"ID":"EPA0001","Standard":"413","EffectiveFrom":"2020-06-30T00:00:00","EffectiveTo":null},{"ID":"EPA0001","Standard":"78","EffectiveFrom":"2016-09-30T00:00:00","EffectiveTo":null},{"ID":"EPA0001","Standard":"79","EffectiveFrom":"2016-09-30T00:00:00","EffectiveTo":null},{"ID":"EPA0001","Standard":"80","EffectiveFrom":"2016-09-30T00:00:00","EffectiveTo":null},{"ID":"EPA0001","Standard":"81","EffectiveFrom":"2018-04-01T00:00:00","EffectiveTo":null},{"ID":"EPA0001","Standard":"82","EffectiveFrom":"2016-09-30T00:00:00","EffectiveTo":null},{"ID":"EPA0001","Standard":"91","EffectiveFrom":"2016-09-30T00:00:00","EffectiveTo":null},{"ID":"EPA0001","Standard":"98","EffectiveFrom":"2017-03-31T00:00:00","EffectiveTo":null},{"ID":"EPA0002","Standard":"162","EffectiveFrom":"2018-07-01T00:00:00","EffectiveTo":null},{"ID":"EPA0002","Standard":"266","EffectiveFrom":"2019-09-01T00:00:00","EffectiveTo":null},{"ID":"EPA0002","Standard":"440","EffectiveFrom":"2020-01-01T00:00:00","EffectiveTo":null},{"ID":"EPA0003","Standard":"132","EffectiveFrom":"2016-09-01T00:00:00","EffectiveTo":null},{"ID":"EPA0003","Standard":"207","EffectiveFrom":"2018-03-01T00:00:00","EffectiveTo":null},{"ID":"EPA0003","Standard":"35","EffectiveFrom":"2016-09-01T00:00:00","EffectiveTo":null},{"ID":"EPA0003","Standard":"67","EffectiveFrom":"2016-12-01T00:00:00","EffectiveTo":null},{"ID":"EPA0005","Standard":"148","EffectiveFrom":"2017-07-01T00:00:00","EffectiveTo":null},{"ID":"EPA0005","Standard":"77","EffectiveFrom":"2016-12-31T00:00:00","EffectiveTo":null},{"ID":"EPA0006","Standard":"64","EffectiveFrom":"2018-01-01T00:00:00","EffectiveTo":null},{"ID":"EPA0006","Standard":"65","EffectiveFrom":"2018-04-01T00:00:00","EffectiveTo":null},{"ID":"EPA0006","Standard":"66","EffectiveFrom":"2018-01-01T00:00:00","EffectiveTo":null},{"ID":"EPA0007","Standard":"41","EffectiveFrom":"2016-06-30T00:00:00","EffectiveTo":null},{"ID":"EPA0007","Standard":"42","EffectiveFrom":"2016-06-30T00:00:00","EffectiveTo":null},{"ID":"EPA0008","Standard":"1","EffectiveFrom":"2016-03-31T00:00:00","EffectiveTo":null},{"ID":"EPA0008","Standard":"101","EffectiveFrom":"2018-06-01T00:00:00","EffectiveTo":null},{"ID":"EPA0008","Standard":"102","EffectiveFrom":"2018-09-01T00:00:00","EffectiveTo":null},{"ID":"EPA0008","Standard":"103","EffectiveFrom":"2018-12-01T00:00:00","EffectiveTo":null},{"ID":"EPA0008","Standard":"104","EffectiveFrom":"2017-09-30T00:00:00","EffectiveTo":null},{"ID":"EPA0008","Standard":"105","EffectiveFrom":"2017-09-30T00:00:00","EffectiveTo":null},{"ID":"EPA0008","Standard":"118","EffectiveFrom":"2018-01-01T00:00:00","EffectiveTo":null},{"ID":"EPA0008","Standard":"119","EffectiveFrom":"2018-01-01T00:00:00","EffectiveTo":null},{"ID":"EPA0008","Standard":"120","EffectiveFrom":"2018-06-01T00:00:00","EffectiveTo":null},{"ID":"EPA0008","Standard":"122","EffectiveFrom":"2018-01-01T00:00:00","EffectiveTo":null},{"ID":"EPA0008","Standard":"135","EffectiveFrom":"2018-09-01T00:00:00","EffectiveTo":null},{"ID":"EPA0008","Standard":"138","EffectiveFrom":"2018-11-01T00:00:00","EffectiveTo":null},{"ID":"EPA0008","Standard":"139","EffectiveFrom":"2018-11-01T00:00:00","EffectiveTo":"2020-05-31T00:00:00"},{"ID":"EPA0008","Standard":"140","EffectiveFrom":"2018-06-01T00:00:00","EffectiveTo":null},{"ID":"EPA0008","Standard":"146","EffectiveFrom":"2019-05-01T00:00:00","EffectiveTo":null},{"ID":"EPA0008","Standard":"151","EffectiveFrom":"2018-01-01T00:00:00","EffectiveTo":null},{"ID":"EPA0008","Standard":"155","EffectiveFrom":"2018-08-01T00:00:00","EffectiveTo":null},{"ID":"EPA0008","Standard":"157","EffectiveFrom":"2018-01-01T00:00:00","EffectiveTo":null},{"ID":"EPA0008","Standard":"169","EffectiveFrom":"2018-11-01T00:00:00","EffectiveTo":null},{"ID":"EPA0008","Standard":"17","EffectiveFrom":"2016-03-31T00:00:00","EffectiveTo":null},{"ID":"EPA0008","Standard":"180","EffectiveFrom":"2018-04-01T00:00:00","EffectiveTo":null},{"ID":"EPA0008","Standard":"181","EffectiveFrom":"2018-04-01T00:00:00","EffectiveTo":null},{"ID":"EPA0008","Standard":"196","EffectiveFrom":"2018-08-01T00:00:00","EffectiveTo":null},{"ID":"EPA0008","Standard":"2","EffectiveFrom":"2016-03-31T00:00:00","EffectiveTo":null},{"ID":"EPA0008","Standard":"21","EffectiveFrom":"2015-12-31T00:00:00","EffectiveTo":null},{"ID":"EPA0008","Standard":"23","EffectiveFrom":"2015-12-31T00:00:00","EffectiveTo":null},{"ID":"EPA0008","Standard":"236","EffectiveFrom":"2019-01-01T00:00:00","EffectiveTo":null},{"ID":"EPA0008","Standard":"239","EffectiveFrom":"2019-11-01T00:00:00","EffectiveTo":null},{"ID":"EPA0008","Standard":"240","EffectiveFrom":"2019-10-01T00:00:00","EffectiveTo":null},{"ID":"EPA0008","Standard":"263","EffectiveFrom":"2019-05-01T00:00:00","EffectiveTo":null},{"ID":"EPA0008","Standard":"278","EffectiveFrom":"2019-04-01T00:00:00","EffectiveTo":null},{"ID":"EPA0008","Standard":"283","EffectiveFrom":"2019-07-01T00:00:00","EffectiveTo":null},{"ID":"EPA0008","Standard":"287","EffectiveFrom":"2020-01-01T00:00:00","EffectiveTo":null},{"ID":"EPA0008","Standard":"29","EffectiveFrom":"2017-09-30T00:00:00","EffectiveTo":null},{"ID":"EPA0008","Standard":"30","EffectiveFrom":"2017-09-30T00:00:00","EffectiveTo":null},{"ID":"EPA0008","Standard":"33","EffectiveFrom":"2017-09-30T00:00:00","EffectiveTo":null},{"ID":"EPA0008","Standard":"335","EffectiveFrom":"2020-04-01T00:00:00","EffectiveTo":null},{"ID":"EPA0008","Standard":"36","EffectiveFrom":"2016-06-30T00:00:00","EffectiveTo":null},{"ID":"EPA0008","Standard":"363","EffectiveFrom":"2020-04-01T00:00:00","EffectiveTo":null},{"ID":"EPA0008","Standard":"364","EffectiveFrom":"2020-04-01T00:00:00","EffectiveTo":null},{"ID":"EPA0008","Standard":"430","EffectiveFrom":"2020-08-01T00:00:00","EffectiveTo":null},{"ID":"EPA0008","Standard":"49","EffectiveFrom":"2017-03-31T00:00:00","EffectiveTo":null},{"ID":"EPA0008","Standard":"55","EffectiveFrom":"2018-09-01T00:00:00","EffectiveTo":null},{"ID":"EPA0008","Standard":"59","EffectiveFrom":"2017-06-30T00:00:00","EffectiveTo":null},{"ID":"EPA0008","Standard":"60","EffectiveFrom":"2017-09-30T00:00:00","EffectiveTo":null},{"ID":"EPA0008","Standard":"61","EffectiveFrom":"2017-03-31T00:00:00","EffectiveTo":null},{"ID":"EPA0008","Standard":"63","EffectiveFrom":"2017-09-30T00:00:00","EffectiveTo":null},{"ID":"EPA0008","Standard":"74","EffectiveFrom":"2018-11-01T00:00:00","EffectiveTo":null},{"ID":"EPA0008","Standard":"78","EffectiveFrom":"2017-10-01T00:00:00","EffectiveTo":null},{"ID":"EPA0008","Standard":"82","EffectiveFrom":"2017-09-30T00:00:00","EffectiveTo":null},{"ID":"EPA0008","Standard":"90","EffectiveFrom":"2018-01-01T00:00:00","EffectiveTo":null},{"ID":"EPA0008","Standard":"93","EffectiveFrom":"2017-09-01T00:00:00","EffectiveTo":null},{"ID":"EPA0008","Standard":"96","EffectiveFrom":"2017-09-01T00:00:00","EffectiveTo":null},{"ID":"EPA0008","Standard":"98","EffectiveFrom":"2019-07-01T00:00:00","EffectiveTo":null},{"ID":"EPA0009","Standard":"127","EffectiveFrom":"2017-06-01T00:00:00","EffectiveTo":null},{"ID":"EPA0009","Standard":"146","EffectiveFrom":"2017-12-01T00:00:00","EffectiveTo":null},{"ID":"EPA0009","Standard":"216","EffectiveFrom":"2018-11-01T00:00:00","EffectiveTo":null},{"ID":"EPA0009","Standard":"26","EffectiveFrom":"2016-03-31T00:00:00","EffectiveTo":null},{"ID":"EPA0009","Standard":"27","EffectiveFrom":"2016-03-31T00:00:00","EffectiveTo":null},{"ID":"EPA0009","Standard":"53","EffectiveFrom":"2016-03-31T00:00:00","EffectiveTo":null},{"ID":"EPA0009","Standard":"57","EffectiveFrom":"2016-03-31T00:00:00","EffectiveTo":null},{"ID":"EPA0009","Standard":"58","EffectiveFrom":"2016-03-31T00:00:00","EffectiveTo":null},{"ID":"EPA0009","Standard":"6","EffectiveFrom":"2016-03-31T00:00:00","EffectiveTo":null},{"ID":"EPA0009","Standard":"74","EffectiveFrom":"2016-09-30T00:00:00","EffectiveTo":null},{"ID":"EPA0010","Standard":"10","EffectiveFrom":"2018-04-01T00:00:00","EffectiveTo":null},{"ID":"EPA0010","Standard":"11","EffectiveFrom":"2018-04-01T00:00:00","EffectiveTo":null},{"ID":"EPA0010","Standard":"12","EffectiveFrom":"2018-04-01T00:00:00","EffectiveTo":null},{"ID":"EPA0010","Standard":"128","EffectiveFrom":"2018-01-01T00:00:00","EffectiveTo":null},{"ID":"EPA0010","Standard":"146","EffectiveFrom":"2018-10-01T00:00:00","EffectiveTo":null},{"ID":"EPA0010","Standard":"187","EffectiveFrom":"2018-10-01T00:00:00","EffectiveTo":null},{"ID":"EPA0010","Standard":"188","EffectiveFrom":"2019-04-01T00:00:00","EffectiveTo":null},{"ID":"EPA0010","Standard":"317","EffectiveFrom":"2020-04-01T00:00:00","EffectiveTo":null},{"ID":"EPA0010","Standard":"352","EffectiveFrom":"2019-08-01T00:00:00","EffectiveTo":null},{"ID":"EPA0010","Standard":"377","EffectiveFrom":"2019-03-01T00:00:00","EffectiveTo":null},{"ID":"EPA0010","Standard":"399","EffectiveFrom":"2020-04-01T00:00:00","EffectiveTo":null},{"ID":"EPA0010","Standard":"404","EffectiveFrom":"2019-10-01T00:00:00","EffectiveTo":null},{"ID":"EPA0010","Standard":"419","EffectiveFrom":"2020-03-01T00:00:00","EffectiveTo":null},{"ID":"EPA0010","Standard":"428","EffectiveFrom":"2020-01-01T00:00:00","EffectiveTo":null},{"ID":"EPA0010","Standard":"59","EffectiveFrom":"2018-04-01T00:00:00","EffectiveTo":null},{"ID":"EPA0010","Standard":"88","EffectiveFrom":"2019-03-01T00:00:00","EffectiveTo":null},{"ID":"EPA0010","Standard":"89","EffectiveFrom":"2019-03-01T00:00:00","EffectiveTo":null},{"ID":"EPA0010","Standard":"9","EffectiveFrom":"2018-04-01T00:00:00","EffectiveTo":null},{"ID":"EPA0010","Standard":"90","EffectiveFrom":"2017-12-01T00:00:00","EffectiveTo":null},{"ID":"EPA0011","Standard":"105","EffectiveFrom":"2019-09-01T00:00:00","EffectiveTo":null},{"ID":"EPA0011","Standard":"129","EffectiveFrom":"2019-05-01T00:00:00","EffectiveTo":null},{"ID":"EPA0011","Standard":"130","EffectiveFrom":"2018-10-01T00:00:00","EffectiveTo":null},{"ID":"EPA0011","Standard":"152","EffectiveFrom":"2018-02-01T00:00:00","EffectiveTo":null},{"ID":"EPA0011","Standard":"172","EffectiveFrom":"2019-02-01T00:00:00","EffectiveTo":null},{"ID":"EPA0011","Standard":"177","EffectiveFrom":"2018-09-01T00:00:00","EffectiveTo":null},{"ID":"EPA0011","Standard":"274","EffectiveFrom":"2019-04-01T00:00:00","EffectiveTo":null},{"ID":"EPA0011","Standard":"294","EffectiveFrom":"2019-05-01T00:00:00","EffectiveTo":null},{"ID":"EPA0011","Standard":"54","EffectiveFrom":"2016-06-30T00:00:00","EffectiveTo":null},{"ID":"EPA0013","Standard":"22","EffectiveFrom":"2016-09-01T00:00:00","EffectiveTo":null},{"ID":"EPA0014","Standard":"101","EffectiveFrom":"2017-06-01T00:00:00","EffectiveTo":null},{"ID":"EPA0014","Standard":"102","EffectiveFrom":"2017-03-01T00:00:00","EffectiveTo":null},{"ID":"EPA0014","Standard":"103","EffectiveFrom":"2017-03-01T00:00:00","EffectiveTo":null},{"ID":"EPA0014","Standard":"104","EffectiveFrom":"2017-09-01T00:00:00","EffectiveTo":null},{"ID":"EPA0014","Standard":"105","EffectiveFrom":"2017-03-01T00:00:00","EffectiveTo":null},{"ID":"EPA0014","Standard":"118","EffectiveFrom":"2017-06-01T00:00:00","EffectiveTo":null},{"ID":"EPA0014","Standard":"119","EffectiveFrom":"2017-06-01T00:00:00","EffectiveTo":null},{"ID":"EPA0014","Standard":"122","EffectiveFrom":"2017-03-01T00:00:00","EffectiveTo":null},{"ID":"EPA0014","Standard":"124","EffectiveFrom":"2020-06-26T00:00:00","EffectiveTo":null},{"ID":"EPA0014","Standard":"138","EffectiveFrom":"2017-09-01T00:00:00","EffectiveTo":null},{"ID":"EPA0014","Standard":"139","EffectiveFrom":"2017-09-01T00:00:00","EffectiveTo":null},{"ID":"EPA0014","Standard":"14","EffectiveFrom":"2017-06-01T00:00:00","EffectiveTo":null},{"ID":"EPA0014","Standard":"140","EffectiveFrom":"2018-02-01T00:00:00","EffectiveTo":null},{"ID":"EPA0014","Standard":"143","EffectiveFrom":"2017-09-01T00:00:00","EffectiveTo":null},{"ID":"EPA0014","Standard":"144","EffectiveFrom":"2017-09-01T00:00:00","EffectiveTo":null},{"ID":"EPA0014","Standard":"146","EffectiveFrom":"2018-02-01T00:00:00","EffectiveTo":null},{"ID":"EPA0014","Standard":"147","EffectiveFrom":"2018-02-01T00:00:00","EffectiveTo":null},{"ID":"EPA0014","Standard":"148","EffectiveFrom":"2018-02-01T00:00:00","EffectiveTo":null},{"ID":"EPA0014","Standard":"15","EffectiveFrom":"2017-06-01T00:00:00","EffectiveTo":null},{"ID":"EPA0014","Standard":"150","EffectiveFrom":"2018-02-01T00:00:00","EffectiveTo":null},{"ID":"EPA0014","Standard":"151","EffectiveFrom":"2017-09-01T00:00:00","EffectiveTo":null},{"ID":"EPA0014","Standard":"153","EffectiveFrom":"2017-03-01T00:00:00","EffectiveTo":null},{"ID":"EPA0014","Standard":"171","EffectiveFrom":"2018-03-01T00:00:00","EffectiveTo":null},{"ID":"EPA0014","Standard":"186","EffectiveFrom":"2018-11-01T00:00:00","EffectiveTo":null},{"ID":"EPA0014","Standard":"195","EffectiveFrom":"2018-10-01T00:00:00","EffectiveTo":null},{"ID":"EPA0014","Standard":"208","EffectiveFrom":"2019-04-15T00:00:00","EffectiveTo":null},{"ID":"EPA0014","Standard":"213","EffectiveFrom":"2020-08-01T00:00:00","EffectiveTo":null},{"ID":"EPA0014","Standard":"219","EffectiveFrom":"2018-11-01T00:00:00","EffectiveTo":null},{"ID":"EPA0014","Standard":"23","EffectiveFrom":"2015-09-30T00:00:00","EffectiveTo":null},{"ID":"EPA0014","Standard":"239","EffectiveFrom":"2019-07-01T00:00:00","EffectiveTo":null},{"ID":"EPA0014","Standard":"240","EffectiveFrom":"2019-07-01T00:00:00","EffectiveTo":null},{"ID":"EPA0014","Standard":"28","EffectiveFrom":"2016-06-30T00:00:00","EffectiveTo":null},{"ID":"EPA0014","Standard":"287","EffectiveFrom":"2019-03-18T00:00:00","EffectiveTo":null},{"ID":"EPA0014","Standard":"29","EffectiveFrom":"2017-09-01T00:00:00","EffectiveTo":null},{"ID":"EPA0014","Standard":"290","EffectiveFrom":"2020-09-30T00:00:00","EffectiveTo":null},{"ID":"EPA0014","Standard":"30","EffectiveFrom":"2018-11-01T00:00:00","EffectiveTo":null},{"ID":"EPA0014","Standard":"31","EffectiveFrom":"2017-03-31T00:00:00","EffectiveTo":null},{"ID":"EPA0014","Standard":"33","EffectiveFrom":"2017-09-01T00:00:00","EffectiveTo":null},{"ID":"EPA0014","Standard":"336","EffectiveFrom":"2020-06-27T00:00:00","EffectiveTo":null},{"ID":"EPA0014","Standard":"36","EffectiveFrom":"2016-12-31T00:00:00","EffectiveTo":null},{"ID":"EPA0014","Standard":"401","EffectiveFrom":"2019-11-30T00:00:00","EffectiveTo":null},{"ID":"EPA0014","Standard":"402","EffectiveFrom":"2019-11-30T00:00:00","EffectiveTo":null},{"ID":"EPA0014","Standard":"403","EffectiveFrom":"2019-11-30T00:00:00","EffectiveTo":null},{"ID":"EPA0014","Standard":"44","EffectiveFrom":"2017-06-01T00:00:00","EffectiveTo":null},{"ID":"EPA0014","Standard":"45","EffectiveFrom":"2017-06-01T00:00:00","EffectiveTo":null},{"ID":"EPA0014","Standard":"60","EffectiveFrom":"2018-11-01T00:00:00","EffectiveTo":null},{"ID":"EPA0014","Standard":"62","EffectiveFrom":"2017-06-01T00:00:00","EffectiveTo":null},{"ID":"EPA0014","Standard":"63","EffectiveFrom":"2018-11-01T00:00:00","EffectiveTo":null},{"ID":"EPA0014","Standard":"7","EffectiveFrom":"2018-02-01T00:00:00","EffectiveTo":null},{"ID":"EPA0014","Standard":"77","EffectiveFrom":"2017-06-01T00:00:00","EffectiveTo":null},{"ID":"EPA0014","Standard":"8","EffectiveFrom":"2017-03-01T00:00:00","EffectiveTo":null},{"ID":"EPA0014","Standard":"92","EffectiveFrom":"2017-06-01T00:00:00","EffectiveTo":null},{"ID":"EPA0014","Standard":"93","EffectiveFrom":"2017-09-01T00:00:00","EffectiveTo":null},{"ID":"EPA0014","Standard":"96","EffectiveFrom":"2017-09-01T00:00:00","EffectiveTo":null},{"ID":"EPA0014","Standard":"99","EffectiveFrom":"2017-04-01T00:00:00","EffectiveTo":null},{"ID":"EPA0016","Standard":"101","EffectiveFrom":"2017-06-01T00:00:00","EffectiveTo":null},{"ID":"EPA0016","Standard":"102","EffectiveFrom":"2017-12-31T00:00:00","EffectiveTo":null},{"ID":"EPA0016","Standard":"103","EffectiveFrom":"2017-12-31T00:00:00","EffectiveTo":null},{"ID":"EPA0016","Standard":"104","EffectiveFrom":"2017-06-01T00:00:00","EffectiveTo":null},{"ID":"EPA0016","Standard":"105","EffectiveFrom":"2017-06-01T00:00:00","EffectiveTo":null},{"ID":"EPA0016","Standard":"109","EffectiveFrom":"2018-03-01T00:00:00","EffectiveTo":null},{"ID":"EPA0016","Standard":"110","EffectiveFrom":"2018-03-01T00:00:00","EffectiveTo":null},{"ID":"EPA0016","Standard":"111","EffectiveFrom":"2018-03-01T00:00:00","EffectiveTo":null},{"ID":"EPA0016","Standard":"118","EffectiveFrom":"2017-06-01T00:00:00","EffectiveTo":null},{"ID":"EPA0016","Standard":"119","EffectiveFrom":"2017-06-01T00:00:00","EffectiveTo":null},{"ID":"EPA0016","Standard":"122","EffectiveFrom":"2017-12-31T00:00:00","EffectiveTo":null},{"ID":"EPA0016","Standard":"140","EffectiveFrom":"2017-06-01T00:00:00","EffectiveTo":null},{"ID":"EPA0016","Standard":"147","EffectiveFrom":"2017-06-01T00:00:00","EffectiveTo":null},{"ID":"EPA0016","Standard":"151","EffectiveFrom":"2017-06-01T00:00:00","EffectiveTo":null},{"ID":"EPA0016","Standard":"154","EffectiveFrom":"2019-06-01T00:00:00","EffectiveTo":null},{"ID":"EPA0016","Standard":"196","EffectiveFrom":"2018-11-01T00:00:00","EffectiveTo":null},{"ID":"EPA0016","Standard":"20","EffectiveFrom":"2015-12-31T00:00:00","EffectiveTo":null},{"ID":"EPA0016","Standard":"215","EffectiveFrom":"2019-11-01T00:00:00","EffectiveTo":null},{"ID":"EPA0016","Standard":"239","EffectiveFrom":"2019-06-01T00:00:00","EffectiveTo":null},{"ID":"EPA0016","Standard":"26","EffectiveFrom":"2016-06-30T00:00:00","EffectiveTo":null},{"ID":"EPA0016","Standard":"278","EffectiveFrom":"2019-04-01T00:00:00","EffectiveTo":null},{"ID":"EPA0016","Standard":"28","EffectiveFrom":"2016-09-30T00:00:00","EffectiveTo":null},{"ID":"EPA0016","Standard":"308","EffectiveFrom":"2020-01-31T00:00:00","EffectiveTo":null},{"ID":"EPA0016","Standard":"31","EffectiveFrom":"2016-09-30T00:00:00","EffectiveTo":null},{"ID":"EPA0016","Standard":"340","EffectiveFrom":"2020-04-01T00:00:00","EffectiveTo":null},{"ID":"EPA0016","Standard":"401","EffectiveFrom":"2020-03-30T00:00:00","EffectiveTo":null},{"ID":"EPA0016","Standard":"433","EffectiveFrom":"2019-05-01T00:00:00","EffectiveTo":null},{"ID":"EPA0016","Standard":"446","EffectiveFrom":"2020-05-01T00:00:00","EffectiveTo":null},{"ID":"EPA0016","Standard":"52","EffectiveFrom":"2018-06-01T00:00:00","EffectiveTo":null},{"ID":"EPA0016","Standard":"78","EffectiveFrom":"2019-06-01T00:00:00","EffectiveTo":null},{"ID":"EPA0016","Standard":"82","EffectiveFrom":"2019-06-01T00:00:00","EffectiveTo":null},{"ID":"EPA0016","Standard":"96","EffectiveFrom":"2017-06-01T00:00:00","EffectiveTo":null},{"ID":"EPA0017","Standard":"50","EffectiveFrom":"2016-09-01T00:00:00","EffectiveTo":null},{"ID":"EPA0017","Standard":"51","EffectiveFrom":"2016-09-01T00:00:00","EffectiveTo":null},{"ID":"EPA0018","Standard":"32","EffectiveFrom":"2017-05-01T00:00:00","EffectiveTo":null},{"ID":"EPA0021","Standard":"168","EffectiveFrom":"2019-04-01T00:00:00","EffectiveTo":null},{"ID":"EPA0021","Standard":"75","EffectiveFrom":"2017-03-31T00:00:00","EffectiveTo":null},{"ID":"EPA0022","Standard":"101","EffectiveFrom":"2016-12-01T00:00:00","EffectiveTo":null},{"ID":"EPA0022","Standard":"102","EffectiveFrom":"2016-12-01T00:00:00","EffectiveTo":null},{"ID":"EPA0022","Standard":"103","EffectiveFrom":"2016-12-01T00:00:00","EffectiveTo":null},{"ID":"EPA0022","Standard":"104","EffectiveFrom":"2016-12-01T00:00:00","EffectiveTo":null},{"ID":"EPA0022","Standard":"105","EffectiveFrom":"2016-12-01T00:00:00","EffectiveTo":null},{"ID":"EPA0022","Standard":"111","EffectiveFrom":"2018-08-01T00:00:00","EffectiveTo":null},{"ID":"EPA0022","Standard":"118","EffectiveFrom":"2016-12-01T00:00:00","EffectiveTo":null},{"ID":"EPA0022","Standard":"119","EffectiveFrom":"2017-05-01T00:00:00","EffectiveTo":null},{"ID":"EPA0022","Standard":"122","EffectiveFrom":"2016-12-01T00:00:00","EffectiveTo":null},{"ID":"EPA0022","Standard":"128","EffectiveFrom":"2019-03-01T00:00:00","EffectiveTo":null},{"ID":"EPA0022","Standard":"138","EffectiveFrom":"2017-05-01T00:00:00","EffectiveTo":null},{"ID":"EPA0022","Standard":"139","EffectiveFrom":"2017-05-01T00:00:00","EffectiveTo":null},{"ID":"EPA0022","Standard":"140","EffectiveFrom":"2017-05-01T00:00:00","EffectiveTo":null},{"ID":"EPA0022","Standard":"147","EffectiveFrom":"2017-05-01T00:00:00","EffectiveTo":null},{"ID":"EPA0022","Standard":"151","EffectiveFrom":"2017-05-01T00:00:00","EffectiveTo":null},{"ID":"EPA0022","Standard":"169","EffectiveFrom":"2017-12-01T00:00:00","EffectiveTo":null},{"ID":"EPA0022","Standard":"189","EffectiveFrom":"2019-09-01T00:00:00","EffectiveTo":null},{"ID":"EPA0022","Standard":"196","EffectiveFrom":"2018-07-01T00:00:00","EffectiveTo":null},{"ID":"EPA0022","Standard":"208","EffectiveFrom":"2019-07-27T00:00:00","EffectiveTo":null},{"ID":"EPA0022","Standard":"215","EffectiveFrom":"2018-08-01T00:00:00","EffectiveTo":null},{"ID":"EPA0022","Standard":"223","EffectiveFrom":"2018-08-01T00:00:00","EffectiveTo":null},{"ID":"EPA0022","Standard":"228","EffectiveFrom":"2018-08-01T00:00:00","EffectiveTo":null},{"ID":"EPA0022","Standard":"231","EffectiveFrom":"2019-02-01T00:00:00","EffectiveTo":null},{"ID":"EPA0022","Standard":"251","EffectiveFrom":"2019-07-01T00:00:00","EffectiveTo":null},{"ID":"EPA0022","Standard":"261","EffectiveFrom":"2019-02-01T00:00:00","EffectiveTo":null},{"ID":"EPA0022","Standard":"278","EffectiveFrom":"2019-03-01T00:00:00","EffectiveTo":null},{"ID":"EPA0022","Standard":"297","EffectiveFrom":"2020-05-31T00:00:00","EffectiveTo":null},{"ID":"EPA0022","Standard":"321","EffectiveFrom":"2019-07-01T00:00:00","EffectiveTo":null},{"ID":"EPA0022","Standard":"325","EffectiveFrom":"2020-05-31T00:00:00","EffectiveTo":null},{"ID":"EPA0022","Standard":"326","EffectiveFrom":"2020-05-31T00:00:00","EffectiveTo":null},{"ID":"EPA0022","Standard":"36","EffectiveFrom":"2017-05-01T00:00:00","EffectiveTo":null},{"ID":"EPA0022","Standard":"364","EffectiveFrom":"2019-11-30T00:00:00","EffectiveTo":null},{"ID":"EPA0022","Standard":"401","EffectiveFrom":"2020-07-01T00:00:00","EffectiveTo":null},{"ID":"EPA0022","Standard":"403","EffectiveFrom":"2020-05-31T00:00:00","EffectiveTo":null},{"ID":"EPA0022","Standard":"430","EffectiveFrom":"2020-05-31T00:00:00","EffectiveTo":null},{"ID":"EPA0022","Standard":"456","EffectiveFrom":"2020-07-01T00:00:00","EffectiveTo":null},{"ID":"EPA0022","Standard":"93","EffectiveFrom":"2016-12-01T00:00:00","EffectiveTo":null},{"ID":"EPA0022","Standard":"96","EffectiveFrom":"2016-12-01T00:00:00","EffectiveTo":null},{"ID":"EPA0023","Standard":"104","EffectiveFrom":"2019-11-01T00:00:00","EffectiveTo":null},{"ID":"EPA0023","Standard":"105","EffectiveFrom":"2019-06-01T00:00:00","EffectiveTo":null},{"ID":"EPA0023","Standard":"122","EffectiveFrom":"2019-05-01T00:00:00","EffectiveTo":null},{"ID":"EPA0023","Standard":"134","EffectiveFrom":"2018-01-01T00:00:00","EffectiveTo":null},{"ID":"EPA0023","Standard":"135","EffectiveFrom":"2018-01-01T00:00:00","EffectiveTo":null},{"ID":"EPA0023","Standard":"210","EffectiveFrom":"2019-11-01T00:00:00","EffectiveTo":null},{"ID":"EPA0023","Standard":"278","EffectiveFrom":"2019-05-01T00:00:00","EffectiveTo":null},{"ID":"EPA0023","Standard":"283","EffectiveFrom":"2019-04-01T00:00:00","EffectiveTo":null},{"ID":"EPA0023","Standard":"304","EffectiveFrom":"2020-03-01T00:00:00","EffectiveTo":null},{"ID":"EPA0023","Standard":"347","EffectiveFrom":"2019-10-31T00:00:00","EffectiveTo":null},{"ID":"EPA0023","Standard":"360","EffectiveFrom":"2020-12-01T00:00:00","EffectiveTo":null},{"ID":"EPA0023","Standard":"369","EffectiveFrom":"2019-11-08T00:00:00","EffectiveTo":null},{"ID":"EPA0023","Standard":"435","EffectiveFrom":"2019-10-01T00:00:00","EffectiveTo":null},{"ID":"EPA0023","Standard":"436","EffectiveFrom":"2019-10-01T00:00:00","EffectiveTo":null},{"ID":"EPA0023","Standard":"437","EffectiveFrom":"2019-10-01T00:00:00","EffectiveTo":null},{"ID":"EPA0023","Standard":"59","EffectiveFrom":"2016-12-31T00:00:00","EffectiveTo":null},{"ID":"EPA0023","Standard":"69","EffectiveFrom":"2019-06-01T00:00:00","EffectiveTo":null},{"ID":"EPA0023","Standard":"70","EffectiveFrom":"2019-06-01T00:00:00","EffectiveTo":null},{"ID":"EPA0024","Standard":"101","EffectiveFrom":"2017-08-01T00:00:00","EffectiveTo":null},{"ID":"EPA0024","Standard":"104","EffectiveFrom":"2019-05-01T00:00:00","EffectiveTo":null},{"ID":"EPA0024","Standard":"105","EffectiveFrom":"2018-09-01T00:00:00","EffectiveTo":null},{"ID":"EPA0024","Standard":"111","EffectiveFrom":"2018-11-01T00:00:00","EffectiveTo":null},{"ID":"EPA0024","Standard":"118","EffectiveFrom":"2018-09-01T00:00:00","EffectiveTo":null},{"ID":"EPA0024","Standard":"119","EffectiveFrom":"2018-09-01T00:00:00","EffectiveTo":null},{"ID":"EPA0024","Standard":"138","EffectiveFrom":"2017-08-01T00:00:00","EffectiveTo":null},{"ID":"EPA0024","Standard":"139","EffectiveFrom":"2017-08-01T00:00:00","EffectiveTo":null},{"ID":"EPA0024","Standard":"140","EffectiveFrom":"2017-08-01T00:00:00","EffectiveTo":null},{"ID":"EPA0024","Standard":"147","EffectiveFrom":"2017-09-01T00:00:00","EffectiveTo":null},{"ID":"EPA0024","Standard":"188","EffectiveFrom":"2019-05-01T00:00:00","EffectiveTo":null},{"ID":"EPA0024","Standard":"196","EffectiveFrom":"2019-05-01T00:00:00","EffectiveTo":null},{"ID":"EPA0024","Standard":"223","EffectiveFrom":"2020-01-01T00:00:00","EffectiveTo":null},{"ID":"EPA0024","Standard":"411","EffectiveFrom":"2020-01-01T00:00:00","EffectiveTo":null},{"ID":"EPA0024","Standard":"412","EffectiveFrom":"2020-01-01T00:00:00","EffectiveTo":null},{"ID":"EPA0024","Standard":"93","EffectiveFrom":"2017-08-01T00:00:00","EffectiveTo":null},{"ID":"EPA0024","Standard":"96","EffectiveFrom":"2017-08-01T00:00:00","EffectiveTo":null},{"ID":"EPA0025","Standard":"222","EffectiveFrom":"2017-03-31T00:00:00","EffectiveTo":null},{"ID":"EPA0026","Standard":"104","EffectiveFrom":"2017-06-01T00:00:00","EffectiveTo":null},{"ID":"EPA0026","Standard":"105","EffectiveFrom":"2017-06-01T00:00:00","EffectiveTo":null},{"ID":"EPA0026","Standard":"128","EffectiveFrom":"2018-12-01T00:00:00","EffectiveTo":null},{"ID":"EPA0026","Standard":"196","EffectiveFrom":"2018-12-01T00:00:00","EffectiveTo":null},{"ID":"EPA0026","Standard":"236","EffectiveFrom":"2018-02-01T00:00:00","EffectiveTo":null},{"ID":"EPA0026","Standard":"55","EffectiveFrom":"2017-06-01T00:00:00","EffectiveTo":null},{"ID":"EPA0026","Standard":"83","EffectiveFrom":"2017-09-01T00:00:00","EffectiveTo":null},{"ID":"EPA0027","Standard":"126","EffectiveFrom":"2018-06-01T00:00:00","EffectiveTo":null},{"ID":"EPA0027","Standard":"5","EffectiveFrom":"2017-09-30T00:00:00","EffectiveTo":null},{"ID":"EPA0028","Standard":"14","EffectiveFrom":"2017-09-30T00:00:00","EffectiveTo":null},{"ID":"EPA0028","Standard":"15","EffectiveFrom":"2017-09-30T00:00:00","EffectiveTo":null},{"ID":"EPA0028","Standard":"221","EffectiveFrom":"2018-10-01T00:00:00","EffectiveTo":null},{"ID":"EPA0028","Standard":"248","EffectiveFrom":"2018-10-01T00:00:00","EffectiveTo":null},{"ID":"EPA0028","Standard":"249","EffectiveFrom":"2018-10-01T00:00:00","EffectiveTo":null},{"ID":"EPA0028","Standard":"319","EffectiveFrom":"2018-10-01T00:00:00","EffectiveTo":null},{"ID":"EPA0028","Standard":"44","EffectiveFrom":"2017-09-30T00:00:00","EffectiveTo":null},{"ID":"EPA0028","Standard":"45","EffectiveFrom":"2017-09-30T00:00:00","EffectiveTo":null},{"ID":"EPA0029","Standard":"270","EffectiveFrom":"2020-01-01T00:00:00","EffectiveTo":null},{"ID":"EPA0029","Standard":"28","EffectiveFrom":"2017-01-01T00:00:00","EffectiveTo":null},{"ID":"EPA0029","Standard":"31","EffectiveFrom":"2017-01-01T00:00:00","EffectiveTo":null},{"ID":"EPA0029","Standard":"7","EffectiveFrom":"2017-10-01T00:00:00","EffectiveTo":null},{"ID":"EPA0030","Standard":"25","EffectiveFrom":"2016-12-01T00:00:00","EffectiveTo":null},{"ID":"EPA0031","Standard":"117","EffectiveFrom":"2017-06-01T00:00:00","EffectiveTo":null},{"ID":"EPA0031","Standard":"133","EffectiveFrom":"2017-06-01T00:00:00","EffectiveTo":null},{"ID":"EPA0031","Standard":"488","EffectiveFrom":"2020-09-14T00:00:00","EffectiveTo":null},{"ID":"EPA0033","Standard":"101","EffectiveFrom":"2018-02-01T00:00:00","EffectiveTo":null},{"ID":"EPA0033","Standard":"102","EffectiveFrom":"2017-06-01T00:00:00","EffectiveTo":null},{"ID":"EPA0033","Standard":"103","EffectiveFrom":"2017-06-01T00:00:00","EffectiveTo":null},{"ID":"EPA0033","Standard":"104","EffectiveFrom":"2017-05-01T00:00:00","EffectiveTo":null},{"ID":"EPA0033","Standard":"105","EffectiveFrom":"2017-05-01T00:00:00","EffectiveTo":null},{"ID":"EPA0033","Standard":"117","EffectiveFrom":"2020-04-01T00:00:00","EffectiveTo":null},{"ID":"EPA0033","Standard":"118","EffectiveFrom":"2017-06-01T00:00:00","EffectiveTo":null},{"ID":"EPA0033","Standard":"119","EffectiveFrom":"2017-06-01T00:00:00","EffectiveTo":null},{"ID":"EPA0033","Standard":"122","EffectiveFrom":"2017-06-30T00:00:00","EffectiveTo":null},{"ID":"EPA0033","Standard":"128","EffectiveFrom":"2017-05-01T00:00:00","EffectiveTo":null},{"ID":"EPA0033","Standard":"140","EffectiveFrom":"2018-02-01T00:00:00","EffectiveTo":null},{"ID":"EPA0033","Standard":"151","EffectiveFrom":"2017-10-01T00:00:00","EffectiveTo":null},{"ID":"EPA0033","Standard":"196","EffectiveFrom":"2018-06-01T00:00:00","EffectiveTo":null},{"ID":"EPA0033","Standard":"20","EffectiveFrom":"2017-06-01T00:00:00","EffectiveTo":null},{"ID":"EPA0033","Standard":"208","EffectiveFrom":"2019-07-27T00:00:00","EffectiveTo":null},{"ID":"EPA0033","Standard":"278","EffectiveFrom":"2019-05-01T00:00:00","EffectiveTo":null},{"ID":"EPA0033","Standard":"297","EffectiveFrom":"2019-05-01T00:00:00","EffectiveTo":null},{"ID":"EPA0033","Standard":"308","EffectiveFrom":"2019-05-01T00:00:00","EffectiveTo":null},{"ID":"EPA0033","Standard":"309","EffectiveFrom":"2019-05-01T00:00:00","EffectiveTo":null},{"ID":"EPA0033","Standard":"401","EffectiveFrom":"2020-04-30T00:00:00","EffectiveTo":null},{"ID":"EPA0033","Standard":"403","EffectiveFrom":"2020-04-30T00:00:00","EffectiveTo":null},{"ID":"EPA0033","Standard":"420","EffectiveFrom":"2020-04-01T00:00:00","EffectiveTo":null},{"ID":"EPA0033","Standard":"430","EffectiveFrom":"2020-03-01T00:00:00","EffectiveTo":null},{"ID":"EPA0033","Standard":"61","EffectiveFrom":"2017-06-01T00:00:00","EffectiveTo":null},{"ID":"EPA0034","Standard":"78","EffectiveFrom":"2017-01-01T00:00:00","EffectiveTo":null},{"ID":"EPA0035","Standard":"34","EffectiveFrom":"2017-01-01T00:00:00","EffectiveTo":null},{"ID":"EPA0036","Standard":"164","EffectiveFrom":"2018-08-01T00:00:00","EffectiveTo":null},{"ID":"EPA0036","Standard":"173","EffectiveFrom":"2018-08-01T00:00:00","EffectiveTo":null},{"ID":"EPA0036","Standard":"178","EffectiveFrom":"2018-08-01T00:00:00","EffectiveTo":null},{"ID":"EPA0036","Standard":"185","EffectiveFrom":"2018-08-01T00:00:00","EffectiveTo":null},{"ID":"EPA0036","Standard":"192","EffectiveFrom":"2018-08-01T00:00:00","EffectiveTo":null},{"ID":"EPA0036","Standard":"193","EffectiveFrom":"2018-08-01T00:00:00","EffectiveTo":null},{"ID":"EPA0036","Standard":"194","EffectiveFrom":"2018-08-01T00:00:00","EffectiveTo":null},{"ID":"EPA0036","Standard":"225","EffectiveFrom":"2018-08-01T00:00:00","EffectiveTo":null},{"ID":"EPA0036","Standard":"49","EffectiveFrom":"2017-03-31T00:00:00","EffectiveTo":null},{"ID":"EPA0038","Standard":"117","EffectiveFrom":"2017-12-01T00:00:00","EffectiveTo":null},{"ID":"EPA0038","Standard":"204","EffectiveFrom":"2018-09-01T00:00:00","EffectiveTo":null},{"ID":"EPA0039","Standard":"1","EffectiveFrom":"2019-06-01T00:00:00","EffectiveTo":null},{"ID":"EPA0039","Standard":"101","EffectiveFrom":"2017-05-01T00:00:00","EffectiveTo":null},{"ID":"EPA0039","Standard":"103","EffectiveFrom":"2019-07-01T00:00:00","EffectiveTo":null},{"ID":"EPA0039","Standard":"104","EffectiveFrom":"2018-03-01T00:00:00","EffectiveTo":null},{"ID":"EPA0039","Standard":"105","EffectiveFrom":"2017-10-01T00:00:00","EffectiveTo":null},{"ID":"EPA0039","Standard":"111","EffectiveFrom":"2018-11-01T00:00:00","EffectiveTo":null},{"ID":"EPA0039","Standard":"118","EffectiveFrom":"2018-08-01T00:00:00","EffectiveTo":null},{"ID":"EPA0039","Standard":"119","EffectiveFrom":"2018-08-01T00:00:00","EffectiveTo":null},{"ID":"EPA0039","Standard":"122","EffectiveFrom":"2017-10-01T00:00:00","EffectiveTo":null},{"ID":"EPA0039","Standard":"138","EffectiveFrom":"2017-10-01T00:00:00","EffectiveTo":null},{"ID":"EPA0039","Standard":"139","EffectiveFrom":"2018-03-01T00:00:00","EffectiveTo":null},{"ID":"EPA0039","Standard":"140","EffectiveFrom":"2017-05-01T00:00:00","EffectiveTo":null},{"ID":"EPA0039","Standard":"147","EffectiveFrom":"2017-12-01T00:00:00","EffectiveTo":null},{"ID":"EPA0039","Standard":"151","EffectiveFrom":"2019-07-01T00:00:00","EffectiveTo":null},{"ID":"EPA0039","Standard":"159","EffectiveFrom":"2019-06-01T00:00:00","EffectiveTo":null},{"ID":"EPA0039","Standard":"169","EffectiveFrom":"2018-03-01T00:00:00","EffectiveTo":null},{"ID":"EPA0039","Standard":"196","EffectiveFrom":"2018-08-01T00:00:00","EffectiveTo":null},{"ID":"EPA0039","Standard":"223","EffectiveFrom":"2019-02-01T00:00:00","EffectiveTo":null},{"ID":"EPA0039","Standard":"247","EffectiveFrom":"2019-09-01T00:00:00","EffectiveTo":null},{"ID":"EPA0039","Standard":"364","EffectiveFrom":"2019-11-01T00:00:00","EffectiveTo":null},{"ID":"EPA0039","Standard":"78","EffectiveFrom":"2019-04-01T00:00:00","EffectiveTo":null},{"ID":"EPA0039","Standard":"82","EffectiveFrom":"2019-05-01T00:00:00","EffectiveTo":null},{"ID":"EPA0039","Standard":"93","EffectiveFrom":"2017-05-01T00:00:00","EffectiveTo":null},{"ID":"EPA0039","Standard":"96","EffectiveFrom":"2017-05-01T00:00:00","EffectiveTo":null},{"ID":"EPA0041","Standard":"101","EffectiveFrom":"2017-11-29T00:00:00","EffectiveTo":null},{"ID":"EPA0041","Standard":"104","EffectiveFrom":"2017-07-01T00:00:00","EffectiveTo":null},{"ID":"EPA0041","Standard":"105","EffectiveFrom":"2017-03-01T00:00:00","EffectiveTo":null},{"ID":"EPA0041","Standard":"117","EffectiveFrom":"2019-10-01T00:00:00","EffectiveTo":null},{"ID":"EPA0041","Standard":"128","EffectiveFrom":"2019-09-01T00:00:00","EffectiveTo":null},{"ID":"EPA0041","Standard":"140","EffectiveFrom":"2017-11-29T00:00:00","EffectiveTo":null},{"ID":"EPA0041","Standard":"143","EffectiveFrom":"2017-07-01T00:00:00","EffectiveTo":null},{"ID":"EPA0041","Standard":"144","EffectiveFrom":"2018-01-12T00:00:00","EffectiveTo":null},{"ID":"EPA0041","Standard":"147","EffectiveFrom":"2017-11-29T00:00:00","EffectiveTo":null},{"ID":"EPA0041","Standard":"148","EffectiveFrom":"2020-08-31T00:00:00","EffectiveTo":null},{"ID":"EPA0041","Standard":"153","EffectiveFrom":"2017-03-01T00:00:00","EffectiveTo":null},{"ID":"EPA0041","Standard":"190","EffectiveFrom":"2019-12-31T00:00:00","EffectiveTo":null},{"ID":"EPA0041","Standard":"191","EffectiveFrom":"2020-01-01T00:00:00","EffectiveTo":null},{"ID":"EPA0041","Standard":"196","EffectiveFrom":"2018-03-01T00:00:00","EffectiveTo":null},{"ID":"EPA0041","Standard":"205","EffectiveFrom":"2019-07-01T00:00:00","EffectiveTo":null},{"ID":"EPA0041","Standard":"213","EffectiveFrom":"2019-07-01T00:00:00","EffectiveTo":null},{"ID":"EPA0041","Standard":"270","EffectiveFrom":"2019-07-01T00:00:00","EffectiveTo":null},{"ID":"EPA0041","Standard":"28","EffectiveFrom":"2017-03-01T00:00:00","EffectiveTo":null},{"ID":"EPA0041","Standard":"286","EffectiveFrom":"2020-01-01T00:00:00","EffectiveTo":null},{"ID":"EPA0041","Standard":"29","EffectiveFrom":"2017-05-01T00:00:00","EffectiveTo":null},{"ID":"EPA0041","Standard":"30","EffectiveFrom":"2018-03-01T00:00:00","EffectiveTo":null},{"ID":"EPA0041","Standard":"31","EffectiveFrom":"2017-03-01T00:00:00","EffectiveTo":null},{"ID":"EPA0041","Standard":"32","EffectiveFrom":"2017-05-01T00:00:00","EffectiveTo":null},{"ID":"EPA0041","Standard":"33","EffectiveFrom":"2018-03-01T00:00:00","EffectiveTo":null},{"ID":"EPA0041","Standard":"36","EffectiveFrom":"2017-07-01T00:00:00","EffectiveTo":null},{"ID":"EPA0041","Standard":"420","EffectiveFrom":"2019-10-01T00:00:00","EffectiveTo":null},{"ID":"EPA0041","Standard":"48","EffectiveFrom":"2017-03-01T00:00:00","EffectiveTo":null},{"ID":"EPA0041","Standard":"60","EffectiveFrom":"2017-04-01T00:00:00","EffectiveTo":null},{"ID":"EPA0041","Standard":"62","EffectiveFrom":"2017-04-01T00:00:00","EffectiveTo":null},{"ID":"EPA0041","Standard":"63","EffectiveFrom":"2017-04-01T00:00:00","EffectiveTo":null},{"ID":"EPA0041","Standard":"7","EffectiveFrom":"2017-07-01T00:00:00","EffectiveTo":null},{"ID":"EPA0041","Standard":"8","EffectiveFrom":"2017-01-01T00:00:00","EffectiveTo":null},{"ID":"EPA0041","Standard":"83","EffectiveFrom":"2017-03-01T00:00:00","EffectiveTo":null},{"ID":"EPA0042","Standard":"101","EffectiveFrom":"2017-03-01T00:00:00","EffectiveTo":null},{"ID":"EPA0042","Standard":"102","EffectiveFrom":"2017-07-01T00:00:00","EffectiveTo":null},{"ID":"EPA0042","Standard":"103","EffectiveFrom":"2017-07-01T00:00:00","EffectiveTo":null},{"ID":"EPA0042","Standard":"104","EffectiveFrom":"2017-07-01T00:00:00","EffectiveTo":null},{"ID":"EPA0042","Standard":"105","EffectiveFrom":"2017-07-01T00:00:00","EffectiveTo":null},{"ID":"EPA0042","Standard":"109","EffectiveFrom":"2017-06-01T00:00:00","EffectiveTo":null},{"ID":"EPA0042","Standard":"110","EffectiveFrom":"2017-06-01T00:00:00","EffectiveTo":null},{"ID":"EPA0042","Standard":"111","EffectiveFrom":"2017-06-01T00:00:00","EffectiveTo":null},{"ID":"EPA0042","Standard":"118","EffectiveFrom":"2017-04-01T00:00:00","EffectiveTo":null},{"ID":"EPA0042","Standard":"119","EffectiveFrom":"2017-04-01T00:00:00","EffectiveTo":null},{"ID":"EPA0042","Standard":"122","EffectiveFrom":"2017-07-01T00:00:00","EffectiveTo":null},{"ID":"EPA0042","Standard":"123","EffectiveFrom":"2018-10-01T00:00:00","EffectiveTo":null},{"ID":"EPA0042","Standard":"138","EffectiveFrom":"2017-04-01T00:00:00","EffectiveTo":null},{"ID":"EPA0042","Standard":"140","EffectiveFrom":"2017-07-01T00:00:00","EffectiveTo":null},{"ID":"EPA0042","Standard":"147","EffectiveFrom":"2017-07-01T00:00:00","EffectiveTo":null},{"ID":"EPA0042","Standard":"151","EffectiveFrom":"2017-07-01T00:00:00","EffectiveTo":null},{"ID":"EPA0042","Standard":"158","EffectiveFrom":"2019-01-01T00:00:00","EffectiveTo":null},{"ID":"EPA0042","Standard":"189","EffectiveFrom":"2018-06-01T00:00:00","EffectiveTo":null},{"ID":"EPA0042","Standard":"196","EffectiveFrom":"2018-11-01T00:00:00","EffectiveTo":null},{"ID":"EPA0042","Standard":"206","EffectiveFrom":"2018-11-01T00:00:00","EffectiveTo":null},{"ID":"EPA0042","Standard":"212","EffectiveFrom":"2020-08-15T00:00:00","EffectiveTo":null},{"ID":"EPA0042","Standard":"217","EffectiveFrom":"2019-03-01T00:00:00","EffectiveTo":null},{"ID":"EPA0042","Standard":"218","EffectiveFrom":"2019-04-01T00:00:00","EffectiveTo":null},{"ID":"EPA0042","Standard":"220","EffectiveFrom":"2019-02-01T00:00:00","EffectiveTo":null},{"ID":"EPA0042","Standard":"237","EffectiveFrom":"2020-04-30T00:00:00","EffectiveTo":null},{"ID":"EPA0042","Standard":"238","EffectiveFrom":"2020-03-01T00:00:00","EffectiveTo":null},{"ID":"EPA0042","Standard":"247","EffectiveFrom":"2019-01-01T00:00:00","EffectiveTo":null},{"ID":"EPA0042","Standard":"253","EffectiveFrom":"2020-07-01T00:00:00","EffectiveTo":null},{"ID":"EPA0042","Standard":"260","EffectiveFrom":"2019-12-01T00:00:00","EffectiveTo":null},{"ID":"EPA0042","Standard":"269","EffectiveFrom":"2019-10-01T00:00:00","EffectiveTo":null},{"ID":"EPA0042","Standard":"278","EffectiveFrom":"2019-09-01T00:00:00","EffectiveTo":null},{"ID":"EPA0042","Standard":"305","EffectiveFrom":"2019-02-01T00:00:00","EffectiveTo":null},{"ID":"EPA0042","Standard":"367","EffectiveFrom":"2020-05-04T00:00:00","EffectiveTo":null},{"ID":"EPA0042","Standard":"396","EffectiveFrom":"2019-06-01T00:00:00","EffectiveTo":null},{"ID":"EPA0042","Standard":"86","EffectiveFrom":"2018-10-01T00:00:00","EffectiveTo":null},{"ID":"EPA0042","Standard":"87","EffectiveFrom":"2018-10-01T00:00:00","EffectiveTo":null},{"ID":"EPA0042","Standard":"93","EffectiveFrom":"2017-04-01T00:00:00","EffectiveTo":null},{"ID":"EPA0042","Standard":"96","EffectiveFrom":"2017-04-01T00:00:00","EffectiveTo":null},{"ID":"EPA0044","Standard":"1","EffectiveFrom":"2017-05-01T00:00:00","EffectiveTo":null},{"ID":"EPA0044","Standard":"142","EffectiveFrom":"2018-07-01T00:00:00","EffectiveTo":null},{"ID":"EPA0044","Standard":"155","EffectiveFrom":"2018-08-01T00:00:00","EffectiveTo":null},{"ID":"EPA0044","Standard":"196","EffectiveFrom":"2018-07-01T00:00:00","EffectiveTo":null},{"ID":"EPA0044","Standard":"36","EffectiveFrom":"2018-01-01T00:00:00","EffectiveTo":null},{"ID":"EPA0044","Standard":"79","EffectiveFrom":"2018-07-01T00:00:00","EffectiveTo":null},{"ID":"EPA0044","Standard":"82","EffectiveFrom":"2018-01-01T00:00:00","EffectiveTo":null},{"ID":"EPA0044","Standard":"86","EffectiveFrom":"2018-12-01T00:00:00","EffectiveTo":null},{"ID":"EPA0045","Standard":"101","EffectiveFrom":"2018-03-01T00:00:00","EffectiveTo":null},{"ID":"EPA0045","Standard":"104","EffectiveFrom":"2018-02-01T00:00:00","EffectiveTo":null},{"ID":"EPA0045","Standard":"105","EffectiveFrom":"2018-02-01T00:00:00","EffectiveTo":null},{"ID":"EPA0045","Standard":"111","EffectiveFrom":"2018-03-01T00:00:00","EffectiveTo":null},{"ID":"EPA0045","Standard":"122","EffectiveFrom":"2018-06-01T00:00:00","EffectiveTo":null},{"ID":"EPA0045","Standard":"129","EffectiveFrom":"2017-05-01T00:00:00","EffectiveTo":null},{"ID":"EPA0045","Standard":"130","EffectiveFrom":"2017-05-01T00:00:00","EffectiveTo":null},{"ID":"EPA0045","Standard":"131","EffectiveFrom":"2018-02-01T00:00:00","EffectiveTo":null},{"ID":"EPA0045","Standard":"137","EffectiveFrom":"2017-05-01T00:00:00","EffectiveTo":null},{"ID":"EPA0045","Standard":"140","EffectiveFrom":"2018-06-01T00:00:00","EffectiveTo":null},{"ID":"EPA0045","Standard":"146","EffectiveFrom":"2018-03-01T00:00:00","EffectiveTo":null},{"ID":"EPA0045","Standard":"149","EffectiveFrom":"2017-12-01T00:00:00","EffectiveTo":null},{"ID":"EPA0045","Standard":"152","EffectiveFrom":"2017-12-01T00:00:00","EffectiveTo":null},{"ID":"EPA0045","Standard":"16","EffectiveFrom":"2018-02-01T00:00:00","EffectiveTo":null},{"ID":"EPA0045","Standard":"172","EffectiveFrom":"2018-06-01T00:00:00","EffectiveTo":null},{"ID":"EPA0045","Standard":"177","EffectiveFrom":"2017-12-01T00:00:00","EffectiveTo":null},{"ID":"EPA0045","Standard":"196","EffectiveFrom":"2018-06-01T00:00:00","EffectiveTo":null},{"ID":"EPA0045","Standard":"209","EffectiveFrom":"2018-06-01T00:00:00","EffectiveTo":null},{"ID":"EPA0045","Standard":"229","EffectiveFrom":"2018-06-01T00:00:00","EffectiveTo":null},{"ID":"EPA0045","Standard":"237","EffectiveFrom":"2018-11-01T00:00:00","EffectiveTo":null},{"ID":"EPA0045","Standard":"238","EffectiveFrom":"2018-11-01T00:00:00","EffectiveTo":null},{"ID":"EPA0045","Standard":"260","EffectiveFrom":"2018-11-01T00:00:00","EffectiveTo":null},{"ID":"EPA0045","Standard":"261","EffectiveFrom":"2018-05-01T00:00:00","EffectiveTo":null},{"ID":"EPA0045","Standard":"54","EffectiveFrom":"2017-12-01T00:00:00","EffectiveTo":null},{"ID":"EPA0047","Standard":"14","EffectiveFrom":"2019-05-01T00:00:00","EffectiveTo":null},{"ID":"EPA0047","Standard":"171","EffectiveFrom":"2018-08-01T00:00:00","EffectiveTo":null},{"ID":"EPA0047","Standard":"195","EffectiveFrom":"2019-09-01T00:00:00","EffectiveTo":null},{"ID":"EPA0047","Standard":"202","EffectiveFrom":"2020-07-08T00:00:00","EffectiveTo":null},{"ID":"EPA0047","Standard":"219","EffectiveFrom":"2018-08-01T00:00:00","EffectiveTo":null},{"ID":"EPA0047","Standard":"230","EffectiveFrom":"2019-04-01T00:00:00","EffectiveTo":null},{"ID":"EPA0047","Standard":"239","EffectiveFrom":"2019-09-03T00:00:00","EffectiveTo":null},{"ID":"EPA0047","Standard":"240","EffectiveFrom":"2020-07-05T00:00:00","EffectiveTo":null},{"ID":"EPA0047","Standard":"244","EffectiveFrom":"2020-07-20T00:00:00","EffectiveTo":null},{"ID":"EPA0047","Standard":"287","EffectiveFrom":"2020-07-02T00:00:00","EffectiveTo":null},{"ID":"EPA0047","Standard":"288","EffectiveFrom":"2020-07-09T00:00:00","EffectiveTo":null},{"ID":"EPA0047","Standard":"312","EffectiveFrom":"2019-06-01T00:00:00","EffectiveTo":null},{"ID":"EPA0047","Standard":"329","EffectiveFrom":"2019-06-01T00:00:00","EffectiveTo":null},{"ID":"EPA0047","Standard":"336","EffectiveFrom":"2020-12-11T00:00:00","EffectiveTo":null},{"ID":"EPA0047","Standard":"343","EffectiveFrom":"2019-06-01T00:00:00","EffectiveTo":null},{"ID":"EPA0047","Standard":"358","EffectiveFrom":"2019-09-01T00:00:00","EffectiveTo":null},{"ID":"EPA0047","Standard":"376","EffectiveFrom":"2020-07-20T00:00:00","EffectiveTo":null},{"ID":"EPA0047","Standard":"388","EffectiveFrom":"2020-03-01T00:00:00","EffectiveTo":null},{"ID":"EPA0047","Standard":"423","EffectiveFrom":"2020-08-10T00:00:00","EffectiveTo":null},{"ID":"EPA0047","Standard":"476","EffectiveFrom":"2020-07-28T00:00:00","EffectiveTo":null},{"ID":"EPA0047","Standard":"92","EffectiveFrom":"2017-09-01T00:00:00","EffectiveTo":null},{"ID":"EPA0047","Standard":"94","EffectiveFrom":"2019-04-01T00:00:00","EffectiveTo":null},{"ID":"EPA0047","Standard":"95","EffectiveFrom":"2019-04-01T00:00:00","EffectiveTo":null},{"ID":"EPA0048","Standard":"104","EffectiveFrom":"2017-12-01T00:00:00","EffectiveTo":null},{"ID":"EPA0048","Standard":"105","EffectiveFrom":"2017-12-01T00:00:00","EffectiveTo":null},{"ID":"EPA0048","Standard":"190","EffectiveFrom":"2018-07-01T00:00:00","EffectiveTo":null},{"ID":"EPA0048","Standard":"191","EffectiveFrom":"2018-07-01T00:00:00","EffectiveTo":null},{"ID":"EPA0048","Standard":"196","EffectiveFrom":"2018-07-01T00:00:00","EffectiveTo":null},{"ID":"EPA0048","Standard":"253","EffectiveFrom":"2019-04-01T00:00:00","EffectiveTo":null},{"ID":"EPA0048","Standard":"320","EffectiveFrom":"2019-02-01T00:00:00","EffectiveTo":null},{"ID":"EPA0048","Standard":"36","EffectiveFrom":"2019-12-31T00:00:00","EffectiveTo":null},{"ID":"EPA0049","Standard":"132","EffectiveFrom":"2018-06-01T00:00:00","EffectiveTo":null},{"ID":"EPA0049","Standard":"35","EffectiveFrom":"2017-03-01T00:00:00","EffectiveTo":null},{"ID":"EPA0049","Standard":"67","EffectiveFrom":"2018-06-01T00:00:00","EffectiveTo":null},{"ID":"EPA0049","Standard":"94","EffectiveFrom":"2017-03-01T00:00:00","EffectiveTo":null},{"ID":"EPA0049","Standard":"95","EffectiveFrom":"2017-03-01T00:00:00","EffectiveTo":null},{"ID":"EPA0050","Standard":"117","EffectiveFrom":"2017-12-01T00:00:00","EffectiveTo":null},{"ID":"EPA0050","Standard":"204","EffectiveFrom":"2018-09-01T00:00:00","EffectiveTo":null},{"ID":"EPA0051","Standard":"163","EffectiveFrom":"2018-02-01T00:00:00","EffectiveTo":null},{"ID":"EPA0051","Standard":"227","EffectiveFrom":"2019-06-01T00:00:00","EffectiveTo":null},{"ID":"EPA0051","Standard":"46","EffectiveFrom":"2017-03-01T00:00:00","EffectiveTo":null},{"ID":"EPA0052","Standard":"39","EffectiveFrom":"2018-01-01T00:00:00","EffectiveTo":null},{"ID":"EPA0052","Standard":"40","EffectiveFrom":"2018-01-01T00:00:00","EffectiveTo":null},{"ID":"EPA0053","Standard":"105","EffectiveFrom":"2017-04-02T00:00:00","EffectiveTo":null},{"ID":"EPA0053","Standard":"122","EffectiveFrom":"2017-04-01T00:00:00","EffectiveTo":null},{"ID":"EPA0053","Standard":"162","EffectiveFrom":"2018-10-01T00:00:00","EffectiveTo":null},{"ID":"EPA0053","Standard":"196","EffectiveFrom":"2018-08-01T00:00:00","EffectiveTo":null},{"ID":"EPA0053","Standard":"206","EffectiveFrom":"2019-05-01T00:00:00","EffectiveTo":null},{"ID":"EPA0053","Standard":"215","EffectiveFrom":"2018-08-01T00:00:00","EffectiveTo":null},{"ID":"EPA0053","Standard":"228","EffectiveFrom":"2018-06-01T00:00:00","EffectiveTo":null},{"ID":"EPA0053","Standard":"297","EffectiveFrom":"2018-11-01T00:00:00","EffectiveTo":null},{"ID":"EPA0053","Standard":"321","EffectiveFrom":"2018-12-01T00:00:00","EffectiveTo":null},{"ID":"EPA0053","Standard":"414","EffectiveFrom":"2019-10-01T00:00:00","EffectiveTo":null},{"ID":"EPA0053","Standard":"430","EffectiveFrom":"2019-10-22T00:00:00","EffectiveTo":null},{"ID":"EPA0054","Standard":"104","EffectiveFrom":"2018-08-01T00:00:00","EffectiveTo":null},{"ID":"EPA0054","Standard":"105","EffectiveFrom":"2018-02-01T00:00:00","EffectiveTo":null},{"ID":"EPA0054","Standard":"118","EffectiveFrom":"2018-02-01T00:00:00","EffectiveTo":null},{"ID":"EPA0054","Standard":"119","EffectiveFrom":"2018-02-01T00:00:00","EffectiveTo":null},{"ID":"EPA0054","Standard":"122","EffectiveFrom":"2018-02-01T00:00:00","EffectiveTo":null},{"ID":"EPA0054","Standard":"196","EffectiveFrom":"2018-08-01T00:00:00","EffectiveTo":null},{"ID":"EPA0054","Standard":"217","EffectiveFrom":"2018-11-01T00:00:00","EffectiveTo":null},{"ID":"EPA0054","Standard":"218","EffectiveFrom":"2018-11-01T00:00:00","EffectiveTo":null},{"ID":"EPA0054","Standard":"430","EffectiveFrom":"2020-05-01T00:00:00","EffectiveTo":null},{"ID":"EPA0055","Standard":"107","EffectiveFrom":"2017-10-01T00:00:00","EffectiveTo":null},{"ID":"EPA0055","Standard":"114","EffectiveFrom":"2017-10-01T00:00:00","EffectiveTo":null},{"ID":"EPA0055","Standard":"167","EffectiveFrom":"2017-10-01T00:00:00","EffectiveTo":null},{"ID":"EPA0055","Standard":"24","EffectiveFrom":"2017-10-01T00:00:00","EffectiveTo":null},{"ID":"EPA0055","Standard":"88","EffectiveFrom":"2017-10-01T00:00:00","EffectiveTo":null},{"ID":"EPA0055","Standard":"89","EffectiveFrom":"2017-10-01T00:00:00","EffectiveTo":null},{"ID":"EPA0056","Standard":"104","EffectiveFrom":"2017-10-01T00:00:00","EffectiveTo":null},{"ID":"EPA0056","Standard":"105","EffectiveFrom":"2017-10-01T00:00:00","EffectiveTo":null},{"ID":"EPA0057","Standard":"118","EffectiveFrom":"2018-10-01T00:00:00","EffectiveTo":null},{"ID":"EPA0057","Standard":"119","EffectiveFrom":"2018-10-01T00:00:00","EffectiveTo":null},{"ID":"EPA0057","Standard":"122","EffectiveFrom":"2018-12-01T00:00:00","EffectiveTo":null},{"ID":"EPA0057","Standard":"156","EffectiveFrom":"2017-10-01T00:00:00","EffectiveTo":null},{"ID":"EPA0057","Standard":"196","EffectiveFrom":"2019-09-01T00:00:00","EffectiveTo":null},{"ID":"EPA0057","Standard":"262","EffectiveFrom":"2018-12-01T00:00:00","EffectiveTo":null},{"ID":"EPA0057","Standard":"298","EffectiveFrom":"2018-12-01T00:00:00","EffectiveTo":null},{"ID":"EPA0057","Standard":"318","EffectiveFrom":"2018-11-01T00:00:00","EffectiveTo":null},{"ID":"EPA0057","Standard":"403","EffectiveFrom":"2019-02-01T00:00:00","EffectiveTo":null},{"ID":"EPA0058","Standard":"101","EffectiveFrom":"2017-10-01T00:00:00","EffectiveTo":null},{"ID":"EPA0058","Standard":"104","EffectiveFrom":"2019-02-01T00:00:00","EffectiveTo":null},{"ID":"EPA0058","Standard":"105","EffectiveFrom":"2017-10-01T00:00:00","EffectiveTo":null},{"ID":"EPA0058","Standard":"118","EffectiveFrom":"2018-03-01T00:00:00","EffectiveTo":null},{"ID":"EPA0058","Standard":"119","EffectiveFrom":"2018-03-01T00:00:00","EffectiveTo":null},{"ID":"EPA0058","Standard":"120","EffectiveFrom":"2019-02-01T00:00:00","EffectiveTo":null},{"ID":"EPA0058","Standard":"122","EffectiveFrom":"2017-10-01T00:00:00","EffectiveTo":null},{"ID":"EPA0058","Standard":"138","EffectiveFrom":"2018-09-01T00:00:00","EffectiveTo":null},{"ID":"EPA0058","Standard":"139","EffectiveFrom":"2018-09-01T00:00:00","EffectiveTo":null},{"ID":"EPA0058","Standard":"140","EffectiveFrom":"2017-10-01T00:00:00","EffectiveTo":null},{"ID":"EPA0058","Standard":"147","EffectiveFrom":"2017-10-01T00:00:00","EffectiveTo":null},{"ID":"EPA0058","Standard":"196","EffectiveFrom":"2019-07-01T00:00:00","EffectiveTo":null},{"ID":"EPA0058","Standard":"223","EffectiveFrom":"2019-04-01T00:00:00","EffectiveTo":null},{"ID":"EPA0058","Standard":"93","EffectiveFrom":"2018-09-01T00:00:00","EffectiveTo":null},{"ID":"EPA0058","Standard":"96","EffectiveFrom":"2017-10-01T00:00:00","EffectiveTo":null},{"ID":"EPA0059","Standard":"24","EffectiveFrom":"2017-05-01T00:00:00","EffectiveTo":null},{"ID":"EPA0059","Standard":"89","EffectiveFrom":"2017-05-01T00:00:00","EffectiveTo":null},{"ID":"EPA0060","Standard":"114","EffectiveFrom":"2017-07-01T00:00:00","EffectiveTo":null},{"ID":"EPA0060","Standard":"167","EffectiveFrom":"2017-07-01T00:00:00","EffectiveTo":null},{"ID":"EPA0060","Standard":"24","EffectiveFrom":"2017-07-01T00:00:00","EffectiveTo":null},{"ID":"EPA0060","Standard":"88","EffectiveFrom":"2017-07-01T00:00:00","EffectiveTo":null},{"ID":"EPA0060","Standard":"89","EffectiveFrom":"2017-07-01T00:00:00","EffectiveTo":null},{"ID":"EPA0061","Standard":"101","EffectiveFrom":"2019-04-01T00:00:00","EffectiveTo":null},{"ID":"EPA0061","Standard":"102","EffectiveFrom":"2018-10-01T00:00:00","EffectiveTo":null},{"ID":"EPA0061","Standard":"103","EffectiveFrom":"2018-10-01T00:00:00","EffectiveTo":null},{"ID":"EPA0061","Standard":"104","EffectiveFrom":"2018-05-01T00:00:00","EffectiveTo":null},{"ID":"EPA0061","Standard":"105","EffectiveFrom":"2018-05-01T00:00:00","EffectiveTo":null},{"ID":"EPA0061","Standard":"118","EffectiveFrom":"2017-07-01T00:00:00","EffectiveTo":null},{"ID":"EPA0061","Standard":"119","EffectiveFrom":"2017-07-01T00:00:00","EffectiveTo":null},{"ID":"EPA0061","Standard":"122","EffectiveFrom":"2018-05-01T00:00:00","EffectiveTo":null},{"ID":"EPA0061","Standard":"128","EffectiveFrom":"2019-03-01T00:00:00","EffectiveTo":null},{"ID":"EPA0061","Standard":"138","EffectiveFrom":"2017-07-01T00:00:00","EffectiveTo":null},{"ID":"EPA0061","Standard":"139","EffectiveFrom":"2019-04-01T00:00:00","EffectiveTo":null},{"ID":"EPA0061","Standard":"140","EffectiveFrom":"2019-04-01T00:00:00","EffectiveTo":null},{"ID":"EPA0061","Standard":"142","EffectiveFrom":"2019-03-01T00:00:00","EffectiveTo":null},{"ID":"EPA0061","Standard":"147","EffectiveFrom":"2019-04-01T00:00:00","EffectiveTo":null},{"ID":"EPA0061","Standard":"151","EffectiveFrom":"2018-10-01T00:00:00","EffectiveTo":null},{"ID":"EPA0061","Standard":"157","EffectiveFrom":"2018-10-01T00:00:00","EffectiveTo":null},{"ID":"EPA0061","Standard":"169","EffectiveFrom":"2019-04-01T00:00:00","EffectiveTo":null},{"ID":"EPA0061","Standard":"190","EffectiveFrom":"2018-10-01T00:00:00","EffectiveTo":null},{"ID":"EPA0061","Standard":"191","EffectiveFrom":"2018-10-01T00:00:00","EffectiveTo":null},{"ID":"EPA0061","Standard":"196","EffectiveFrom":"2018-05-01T00:00:00","EffectiveTo":null},{"ID":"EPA0061","Standard":"223","EffectiveFrom":"2019-04-01T00:00:00","EffectiveTo":null},{"ID":"EPA0061","Standard":"278","EffectiveFrom":"2019-04-01T00:00:00","EffectiveTo":null},{"ID":"EPA0061","Standard":"297","EffectiveFrom":"2019-03-01T00:00:00","EffectiveTo":null},{"ID":"EPA0061","Standard":"308","EffectiveFrom":"2019-05-01T00:00:00","EffectiveTo":null},{"ID":"EPA0061","Standard":"309","EffectiveFrom":"2019-05-01T00:00:00","EffectiveTo":null},{"ID":"EPA0061","Standard":"325","EffectiveFrom":"2019-03-01T00:00:00","EffectiveTo":null},{"ID":"EPA0061","Standard":"326","EffectiveFrom":"2019-03-01T00:00:00","EffectiveTo":null},{"ID":"EPA0061","Standard":"364","EffectiveFrom":"2019-05-01T00:00:00","EffectiveTo":null},{"ID":"EPA0061","Standard":"369","EffectiveFrom":"2019-11-01T00:00:00","EffectiveTo":null},{"ID":"EPA0061","Standard":"401","EffectiveFrom":"2019-11-01T00:00:00","EffectiveTo":null},{"ID":"EPA0061","Standard":"402","EffectiveFrom":"2019-11-01T00:00:00","EffectiveTo":null},{"ID":"EPA0061","Standard":"403","EffectiveFrom":"2019-11-01T00:00:00","EffectiveTo":null},{"ID":"EPA0061","Standard":"430","EffectiveFrom":"2019-09-17T00:00:00","EffectiveTo":null},{"ID":"EPA0061","Standard":"78","EffectiveFrom":"2019-11-01T00:00:00","EffectiveTo":null},{"ID":"EPA0061","Standard":"93","EffectiveFrom":"2017-07-01T00:00:00","EffectiveTo":null},{"ID":"EPA0061","Standard":"96","EffectiveFrom":"2017-07-01T00:00:00","EffectiveTo":null},{"ID":"EPA0062","Standard":"138","EffectiveFrom":"2018-01-03T00:00:00","EffectiveTo":null},{"ID":"EPA0062","Standard":"364","EffectiveFrom":"2020-02-10T00:00:00","EffectiveTo":null},{"ID":"EPA0062","Standard":"93","EffectiveFrom":"2018-01-03T00:00:00","EffectiveTo":null},{"ID":"EPA0063","Standard":"168","EffectiveFrom":"2019-03-01T00:00:00","EffectiveTo":null},{"ID":"EPA0063","Standard":"25","EffectiveFrom":"2018-02-01T00:00:00","EffectiveTo":null},{"ID":"EPA0063","Standard":"256","EffectiveFrom":"2019-04-01T00:00:00","EffectiveTo":null},{"ID":"EPA0064","Standard":"112","EffectiveFrom":"2018-02-01T00:00:00","EffectiveTo":null},{"ID":"EPA0064","Standard":"174","EffectiveFrom":"2018-02-01T00:00:00","EffectiveTo":null},{"ID":"EPA0064","Standard":"257","EffectiveFrom":"2018-11-01T00:00:00","EffectiveTo":null},{"ID":"EPA0064","Standard":"280","EffectiveFrom":"2020-03-01T00:00:00","EffectiveTo":null},{"ID":"EPA0064","Standard":"373","EffectiveFrom":"2020-01-01T00:00:00","EffectiveTo":null},{"ID":"EPA0064","Standard":"84","EffectiveFrom":"2017-08-01T00:00:00","EffectiveTo":null},{"ID":"EPA0064","Standard":"85","EffectiveFrom":"2017-08-01T00:00:00","EffectiveTo":null},{"ID":"EPA0065","Standard":"25","EffectiveFrom":"2017-08-01T00:00:00","EffectiveTo":null},{"ID":"EPA0066","Standard":"133","EffectiveFrom":"2017-06-01T00:00:00","EffectiveTo":null},{"ID":"EPA0066","Standard":"286","EffectiveFrom":"2019-06-01T00:00:00","EffectiveTo":null},{"ID":"EPA0068","Standard":"128","EffectiveFrom":"2017-12-01T00:00:00","EffectiveTo":null},{"ID":"EPA0069","Standard":"122","EffectiveFrom":"2018-05-01T00:00:00","EffectiveTo":null},{"ID":"EPA0069","Standard":"147","EffectiveFrom":"2018-05-01T00:00:00","EffectiveTo":null},{"ID":"EPA0069","Standard":"157","EffectiveFrom":"2017-08-01T00:00:00","EffectiveTo":null},{"ID":"EPA0069","Standard":"363","EffectiveFrom":"2019-11-01T00:00:00","EffectiveTo":null},{"ID":"EPA0069","Standard":"389","EffectiveFrom":"2019-11-01T00:00:00","EffectiveTo":null},{"ID":"EPA0069","Standard":"390","EffectiveFrom":"2019-11-01T00:00:00","EffectiveTo":null},{"ID":"EPA0070","Standard":"117","EffectiveFrom":"2018-02-01T00:00:00","EffectiveTo":null},{"ID":"EPA0071","Standard":"101","EffectiveFrom":"2017-12-01T00:00:00","EffectiveTo":null},{"ID":"EPA0071","Standard":"111","EffectiveFrom":"2018-10-01T00:00:00","EffectiveTo":null},{"ID":"EPA0071","Standard":"122","EffectiveFrom":"2019-06-01T00:00:00","EffectiveTo":null},{"ID":"EPA0071","Standard":"140","EffectiveFrom":"2017-02-01T00:00:00","EffectiveTo":null},{"ID":"EPA0071","Standard":"147","EffectiveFrom":"2017-02-01T00:00:00","EffectiveTo":null},{"ID":"EPA0072","Standard":"101","EffectiveFrom":"2017-12-01T00:00:00","EffectiveTo":null},{"ID":"EPA0072","Standard":"104","EffectiveFrom":"2017-08-01T00:00:00","EffectiveTo":null},{"ID":"EPA0072","Standard":"105","EffectiveFrom":"2017-08-01T00:00:00","EffectiveTo":null},{"ID":"EPA0072","Standard":"118","EffectiveFrom":"2017-08-01T00:00:00","EffectiveTo":null},{"ID":"EPA0072","Standard":"119","EffectiveFrom":"2017-08-01T00:00:00","EffectiveTo":null},{"ID":"EPA0072","Standard":"140","EffectiveFrom":"2017-12-01T00:00:00","EffectiveTo":null},{"ID":"EPA0072","Standard":"147","EffectiveFrom":"2017-12-01T00:00:00","EffectiveTo":null},{"ID":"EPA0073","Standard":"124","EffectiveFrom":"2017-10-01T00:00:00","EffectiveTo":null},{"ID":"EPA0073","Standard":"125","EffectiveFrom":"2018-02-01T00:00:00","EffectiveTo":null},{"ID":"EPA0073","Standard":"145","EffectiveFrom":"2019-01-01T00:00:00","EffectiveTo":null},{"ID":"EPA0073","Standard":"180","EffectiveFrom":"2019-04-01T00:00:00","EffectiveTo":null},{"ID":"EPA0073","Standard":"181","EffectiveFrom":"2019-03-01T00:00:00","EffectiveTo":null},{"ID":"EPA0073","Standard":"182","EffectiveFrom":"2019-08-01T00:00:00","EffectiveTo":null},{"ID":"EPA0073","Standard":"21","EffectiveFrom":"2019-04-01T00:00:00","EffectiveTo":null},{"ID":"EPA0073","Standard":"263","EffectiveFrom":"2019-04-01T00:00:00","EffectiveTo":null},{"ID":"EPA0073","Standard":"284","EffectiveFrom":"2019-08-01T00:00:00","EffectiveTo":null},{"ID":"EPA0073","Standard":"314","EffectiveFrom":"2019-08-01T00:00:00","EffectiveTo":null},{"ID":"EPA0073","Standard":"331","EffectiveFrom":"2019-08-01T00:00:00","EffectiveTo":null},{"ID":"EPA0073","Standard":"332","EffectiveFrom":"2019-04-01T00:00:00","EffectiveTo":null},{"ID":"EPA0073","Standard":"335","EffectiveFrom":"2019-08-01T00:00:00","EffectiveTo":null},{"ID":"EPA0073","Standard":"344","EffectiveFrom":"2019-08-01T00:00:00","EffectiveTo":null},{"ID":"EPA0073","Standard":"356","EffectiveFrom":"2019-08-01T00:00:00","EffectiveTo":null},{"ID":"EPA0073","Standard":"69","EffectiveFrom":"2019-08-01T00:00:00","EffectiveTo":null},{"ID":"EPA0073","Standard":"70","EffectiveFrom":"2018-12-01T00:00:00","EffectiveTo":null},{"ID":"EPA0075","Standard":"25","EffectiveFrom":"2017-12-01T00:00:00","EffectiveTo":null},{"ID":"EPA0076","Standard":"25","EffectiveFrom":"2018-02-01T00:00:00","EffectiveTo":null},{"ID":"EPA0077","Standard":"155","EffectiveFrom":"2017-10-01T00:00:00","EffectiveTo":null},{"ID":"EPA0077","Standard":"26","EffectiveFrom":"2017-10-01T00:00:00","EffectiveTo":null},{"ID":"EPA0077","Standard":"58","EffectiveFrom":"2018-08-01T00:00:00","EffectiveTo":null},{"ID":"EPA0078","Standard":"168","EffectiveFrom":"2018-12-01T00:00:00","EffectiveTo":null},{"ID":"EPA0078","Standard":"25","EffectiveFrom":"2018-02-01T00:00:00","EffectiveTo":null},{"ID":"EPA0079","Standard":"101","EffectiveFrom":"2018-10-01T00:00:00","EffectiveTo":null},{"ID":"EPA0079","Standard":"105","EffectiveFrom":"2019-12-01T00:00:00","EffectiveTo":null},{"ID":"EPA0079","Standard":"140","EffectiveFrom":"2018-02-01T00:00:00","EffectiveTo":null},{"ID":"EPA0079","Standard":"196","EffectiveFrom":"2019-08-01T00:00:00","EffectiveTo":null},{"ID":"EPA0080","Standard":"199","EffectiveFrom":"2018-03-01T00:00:00","EffectiveTo":null},{"ID":"EPA0080","Standard":"200","EffectiveFrom":"2018-03-01T00:00:00","EffectiveTo":null},{"ID":"EPA0080","Standard":"24","EffectiveFrom":"2017-07-01T00:00:00","EffectiveTo":null},{"ID":"EPA0080","Standard":"259","EffectiveFrom":"2018-08-01T00:00:00","EffectiveTo":null},{"ID":"EPA0080","Standard":"277","EffectiveFrom":"2018-07-01T00:00:00","EffectiveTo":null},{"ID":"EPA0081","Standard":"168","EffectiveFrom":"2019-08-01T00:00:00","EffectiveTo":null},{"ID":"EPA0081","Standard":"25","EffectiveFrom":"2017-05-01T00:00:00","EffectiveTo":null},{"ID":"EPA0081","Standard":"256","EffectiveFrom":"2019-09-01T00:00:00","EffectiveTo":null},{"ID":"EPA0082","Standard":"105","EffectiveFrom":"2018-08-01T00:00:00","EffectiveTo":null},{"ID":"EPA0082","Standard":"241","EffectiveFrom":"2018-08-01T00:00:00","EffectiveTo":null},{"ID":"EPA0082","Standard":"250","EffectiveFrom":"2019-01-01T00:00:00","EffectiveTo":null},{"ID":"EPA0082","Standard":"262","EffectiveFrom":"2019-03-01T00:00:00","EffectiveTo":null},{"ID":"EPA0082","Standard":"269","EffectiveFrom":"2019-01-01T00:00:00","EffectiveTo":null},{"ID":"EPA0082","Standard":"282","EffectiveFrom":"2019-04-01T00:00:00","EffectiveTo":null},{"ID":"EPA0082","Standard":"36","EffectiveFrom":"2017-11-01T00:00:00","EffectiveTo":null},{"ID":"EPA0082","Standard":"382","EffectiveFrom":"2019-11-01T00:00:00","EffectiveTo":null},{"ID":"EPA0083","Standard":"101","EffectiveFrom":"2019-02-01T00:00:00","EffectiveTo":null},{"ID":"EPA0083","Standard":"105","EffectiveFrom":"2019-02-01T00:00:00","EffectiveTo":null},{"ID":"EPA0083","Standard":"110","EffectiveFrom":"2018-04-01T00:00:00","EffectiveTo":null},{"ID":"EPA0083","Standard":"111","EffectiveFrom":"2019-02-01T00:00:00","EffectiveTo":null},{"ID":"EPA0083","Standard":"196","EffectiveFrom":"2019-02-01T00:00:00","EffectiveTo":null},{"ID":"EPA0084","Standard":"114","EffectiveFrom":"2018-08-01T00:00:00","EffectiveTo":null},{"ID":"EPA0084","Standard":"166","EffectiveFrom":"2018-08-01T00:00:00","EffectiveTo":null},{"ID":"EPA0084","Standard":"167","EffectiveFrom":"2018-02-01T00:00:00","EffectiveTo":null},{"ID":"EPA0084","Standard":"37","EffectiveFrom":"2018-08-01T00:00:00","EffectiveTo":null},{"ID":"EPA0084","Standard":"38","EffectiveFrom":"2018-08-01T00:00:00","EffectiveTo":null},{"ID":"EPA0085","Standard":"108","EffectiveFrom":"2018-04-01T00:00:00","EffectiveTo":null},{"ID":"EPA0087","Standard":"104","EffectiveFrom":"2019-05-01T00:00:00","EffectiveTo":null},{"ID":"EPA0087","Standard":"105","EffectiveFrom":"2019-05-01T00:00:00","EffectiveTo":null},{"ID":"EPA0087","Standard":"196","EffectiveFrom":"2019-08-01T00:00:00","EffectiveTo":null},{"ID":"EPA0088","Standard":"168","EffectiveFrom":"2020-04-01T00:00:00","EffectiveTo":null},{"ID":"EPA0088","Standard":"252","EffectiveFrom":"2021-07-31T00:00:00","EffectiveTo":null},{"ID":"EPA0088","Standard":"291","EffectiveFrom":"2020-09-01T00:00:00","EffectiveTo":null},{"ID":"EPA0088","Standard":"47","EffectiveFrom":"2018-03-01T00:00:00","EffectiveTo":null},{"ID":"EPA0089","Standard":"78","EffectiveFrom":"2017-09-01T00:00:00","EffectiveTo":null},{"ID":"EPA0090","Standard":"26","EffectiveFrom":"2017-12-01T00:00:00","EffectiveTo":null},{"ID":"EPA0090","Standard":"74","EffectiveFrom":"2018-01-01T00:00:00","EffectiveTo":null},{"ID":"EPA0091","Standard":"267","EffectiveFrom":"2020-03-01T00:00:00","EffectiveTo":null},{"ID":"EPA0091","Standard":"289","EffectiveFrom":"2019-11-01T00:00:00","EffectiveTo":null},{"ID":"EPA0091","Standard":"296","EffectiveFrom":"2020-03-01T00:00:00","EffectiveTo":null},{"ID":"EPA0091","Standard":"334","EffectiveFrom":"2019-08-01T00:00:00","EffectiveTo":null},{"ID":"EPA0091","Standard":"359","EffectiveFrom":"2020-06-01T00:00:00","EffectiveTo":null},{"ID":"EPA0091","Standard":"72","EffectiveFrom":"2018-03-01T00:00:00","EffectiveTo":null},{"ID":"EPA0092","Standard":"25","EffectiveFrom":"2017-07-01T00:00:00","EffectiveTo":null},{"ID":"EPA0093","Standard":"27","EffectiveFrom":"2018-03-01T00:00:00","EffectiveTo":null},{"ID":"EPA0094","Standard":"94","EffectiveFrom":"2018-03-01T00:00:00","EffectiveTo":null},{"ID":"EPA0094","Standard":"95","EffectiveFrom":"2018-03-01T00:00:00","EffectiveTo":null},{"ID":"EPA0095","Standard":"101","EffectiveFrom":"2018-08-01T00:00:00","EffectiveTo":null},{"ID":"EPA0095","Standard":"104","EffectiveFrom":"2019-06-01T00:00:00","EffectiveTo":null},{"ID":"EPA0095","Standard":"105","EffectiveFrom":"2018-11-01T00:00:00","EffectiveTo":null},{"ID":"EPA0095","Standard":"118","EffectiveFrom":"2018-08-01T00:00:00","EffectiveTo":null},{"ID":"EPA0095","Standard":"119","EffectiveFrom":"2018-08-01T00:00:00","EffectiveTo":null},{"ID":"EPA0095","Standard":"138","EffectiveFrom":"2017-07-01T00:00:00","EffectiveTo":null},{"ID":"EPA0095","Standard":"139","EffectiveFrom":"2017-07-01T00:00:00","EffectiveTo":null},{"ID":"EPA0095","Standard":"140","EffectiveFrom":"2018-10-01T00:00:00","EffectiveTo":null},{"ID":"EPA0095","Standard":"147","EffectiveFrom":"2019-06-01T00:00:00","EffectiveTo":null},{"ID":"EPA0095","Standard":"159","EffectiveFrom":"2018-08-01T00:00:00","EffectiveTo":null},{"ID":"EPA0095","Standard":"169","EffectiveFrom":"2017-07-01T00:00:00","EffectiveTo":null},{"ID":"EPA0095","Standard":"196","EffectiveFrom":"2019-06-01T00:00:00","EffectiveTo":null},{"ID":"EPA0095","Standard":"223","EffectiveFrom":"2018-12-01T00:00:00","EffectiveTo":null},{"ID":"EPA0095","Standard":"279","EffectiveFrom":"2019-06-01T00:00:00","EffectiveTo":null},{"ID":"EPA0095","Standard":"364","EffectiveFrom":"2019-06-01T00:00:00","EffectiveTo":null},{"ID":"EPA0095","Standard":"93","EffectiveFrom":"2017-07-01T00:00:00","EffectiveTo":null},{"ID":"EPA0095","Standard":"96","EffectiveFrom":"2017-07-01T00:00:00","EffectiveTo":null},{"ID":"EPA0096","Standard":"25","EffectiveFrom":"2017-08-01T00:00:00","EffectiveTo":null},{"ID":"EPA0097","Standard":"143","EffectiveFrom":"2018-03-01T00:00:00","EffectiveTo":null},{"ID":"EPA0097","Standard":"144","EffectiveFrom":"2018-03-01T00:00:00","EffectiveTo":null},{"ID":"EPA0097","Standard":"253","EffectiveFrom":"2019-07-29T00:00:00","EffectiveTo":null},{"ID":"EPA0097","Standard":"420","EffectiveFrom":"2019-11-05T00:00:00","EffectiveTo":null},{"ID":"EPA0098","Standard":"179","EffectiveFrom":"2018-04-01T00:00:00","EffectiveTo":null},{"ID":"EPA0099","Standard":"109","EffectiveFrom":"2018-08-01T00:00:00","EffectiveTo":null},{"ID":"EPA0099","Standard":"110","EffectiveFrom":"2018-07-01T00:00:00","EffectiveTo":null},{"ID":"EPA0099","Standard":"111","EffectiveFrom":"2018-10-01T00:00:00","EffectiveTo":null},{"ID":"EPA0100","Standard":"160","EffectiveFrom":"2018-04-01T00:00:00","EffectiveTo":null},{"ID":"EPA0101","Standard":"25","EffectiveFrom":"2017-11-21T00:00:00","EffectiveTo":null},{"ID":"EPA0101","Standard":"252","EffectiveFrom":"2019-08-14T00:00:00","EffectiveTo":null},{"ID":"EPA0101","Standard":"256","EffectiveFrom":"2019-04-01T00:00:00","EffectiveTo":null},{"ID":"EPA0102","Standard":"163","EffectiveFrom":"2018-02-01T00:00:00","EffectiveTo":null},{"ID":"EPA0103","Standard":"155","EffectiveFrom":"2018-04-01T00:00:00","EffectiveTo":null},{"ID":"EPA0104","Standard":"150","EffectiveFrom":"2018-04-01T00:00:00","EffectiveTo":null},{"ID":"EPA0104","Standard":"168","EffectiveFrom":"2018-06-01T00:00:00","EffectiveTo":null},{"ID":"EPA0104","Standard":"99","EffectiveFrom":"2018-06-01T00:00:00","EffectiveTo":null},{"ID":"EPA0105","Standard":"105","EffectiveFrom":"2019-03-01T00:00:00","EffectiveTo":null},{"ID":"EPA0105","Standard":"109","EffectiveFrom":"2018-09-01T00:00:00","EffectiveTo":null},{"ID":"EPA0105","Standard":"110","EffectiveFrom":"2018-06-01T00:00:00","EffectiveTo":null},{"ID":"EPA0105","Standard":"111","EffectiveFrom":"2018-09-01T00:00:00","EffectiveTo":null},{"ID":"EPA0105","Standard":"209","EffectiveFrom":"2018-09-01T00:00:00","EffectiveTo":null},{"ID":"EPA0105","Standard":"264","EffectiveFrom":"2019-04-01T00:00:00","EffectiveTo":null},{"ID":"EPA0106","Standard":"203","EffectiveFrom":"2018-02-01T00:00:00","EffectiveTo":null},{"ID":"EPA0107","Standard":"104","EffectiveFrom":"2019-03-01T00:00:00","EffectiveTo":null},{"ID":"EPA0107","Standard":"105","EffectiveFrom":"2019-03-01T00:00:00","EffectiveTo":null},{"ID":"EPA0107","Standard":"55","EffectiveFrom":"2018-08-01T00:00:00","EffectiveTo":null},{"ID":"EPA0108","Standard":"203","EffectiveFrom":"2018-08-01T00:00:00","EffectiveTo":null},{"ID":"EPA0109","Standard":"123","EffectiveFrom":"2019-02-01T00:00:00","EffectiveTo":null},{"ID":"EPA0109","Standard":"263","EffectiveFrom":"2019-07-01T00:00:00","EffectiveTo":null},{"ID":"EPA0109","Standard":"335","EffectiveFrom":"2019-07-01T00:00:00","EffectiveTo":null},{"ID":"EPA0109","Standard":"86","EffectiveFrom":"2018-06-01T00:00:00","EffectiveTo":null},{"ID":"EPA0109","Standard":"87","EffectiveFrom":"2018-06-01T00:00:00","EffectiveTo":null},{"ID":"EPA0110","Standard":"190","EffectiveFrom":"2018-09-01T00:00:00","EffectiveTo":null},{"ID":"EPA0110","Standard":"191","EffectiveFrom":"2018-09-01T00:00:00","EffectiveTo":null},{"ID":"EPA0110","Standard":"325","EffectiveFrom":"2019-08-01T00:00:00","EffectiveTo":null},{"ID":"EPA0110","Standard":"326","EffectiveFrom":"2019-08-01T00:00:00","EffectiveTo":null},{"ID":"EPA0111","Standard":"203","EffectiveFrom":"2018-09-01T00:00:00","EffectiveTo":null},{"ID":"EPA0112","Standard":"203","EffectiveFrom":"2018-03-01T00:00:00","EffectiveTo":null},{"ID":"EPA0113","Standard":"203","EffectiveFrom":"2018-01-12T00:00:00","EffectiveTo":null},{"ID":"EPA0114","Standard":"203","EffectiveFrom":"2018-03-01T00:00:00","EffectiveTo":null},{"ID":"EPA0115","Standard":"203","EffectiveFrom":"2018-09-01T00:00:00","EffectiveTo":null},{"ID":"EPA0116","Standard":"203","EffectiveFrom":"2018-01-12T00:00:00","EffectiveTo":null},{"ID":"EPA0117","Standard":"203","EffectiveFrom":"2018-09-01T00:00:00","EffectiveTo":null},{"ID":"EPA0118","Standard":"128","EffectiveFrom":"2018-05-01T00:00:00","EffectiveTo":null},{"ID":"EPA0119","Standard":"14","EffectiveFrom":"2018-09-01T00:00:00","EffectiveTo":null},{"ID":"EPA0119","Standard":"44","EffectiveFrom":"2018-09-01T00:00:00","EffectiveTo":null},{"ID":"EPA0120","Standard":"138","EffectiveFrom":"2018-10-01T00:00:00","EffectiveTo":null},{"ID":"EPA0120","Standard":"96","EffectiveFrom":"2018-09-01T00:00:00","EffectiveTo":null},{"ID":"EPA0121","Standard":"203","EffectiveFrom":"2018-09-01T00:00:00","EffectiveTo":null},{"ID":"EPA0122","Standard":"203","EffectiveFrom":"2018-09-01T00:00:00","EffectiveTo":null},{"ID":"EPA0124","Standard":"203","EffectiveFrom":"2018-09-01T00:00:00","EffectiveTo":null},{"ID":"EPA0125","Standard":"175","EffectiveFrom":"2018-09-01T00:00:00","EffectiveTo":null},{"ID":"EPA0125","Standard":"330","EffectiveFrom":"2020-03-31T00:00:00","EffectiveTo":null},{"ID":"EPA0126","Standard":"203","EffectiveFrom":"2018-09-01T00:00:00","EffectiveTo":null},{"ID":"EPA0127","Standard":"25","EffectiveFrom":"2018-03-01T00:00:00","EffectiveTo":null},{"ID":"EPA0128","Standard":"203","EffectiveFrom":"2018-06-01T00:00:00","EffectiveTo":null},{"ID":"EPA0129","Standard":"203","EffectiveFrom":"2018-09-01T00:00:00","EffectiveTo":null},{"ID":"EPA0130","Standard":"228","EffectiveFrom":"2018-10-01T00:00:00","EffectiveTo":null},{"ID":"EPA0130","Standard":"321","EffectiveFrom":"2019-03-01T00:00:00","EffectiveTo":null},{"ID":"EPA0131","Standard":"118","EffectiveFrom":"2018-12-01T00:00:00","EffectiveTo":null},{"ID":"EPA0131","Standard":"119","EffectiveFrom":"2018-10-01T00:00:00","EffectiveTo":null},{"ID":"EPA0132","Standard":"203","EffectiveFrom":"2018-03-01T00:00:00","EffectiveTo":null},{"ID":"EPA0132","Standard":"25","EffectiveFrom":"2018-10-01T00:00:00","EffectiveTo":null},{"ID":"EPA0132","Standard":"252","EffectiveFrom":"2021-01-01T00:00:00","EffectiveTo":null},{"ID":"EPA0132","Standard":"256","EffectiveFrom":"2019-01-01T00:00:00","EffectiveTo":null},{"ID":"EPA0132","Standard":"306","EffectiveFrom":"2022-01-01T00:00:00","EffectiveTo":null},{"ID":"EPA0133","Standard":"117","EffectiveFrom":"2018-10-01T00:00:00","EffectiveTo":null},{"ID":"EPA0133","Standard":"204","EffectiveFrom":"2019-02-01T00:00:00","EffectiveTo":null},{"ID":"EPA0134","Standard":"203","EffectiveFrom":"2018-10-01T00:00:00","EffectiveTo":null},{"ID":"EPA0136","Standard":"104","EffectiveFrom":"2018-02-01T00:00:00","EffectiveTo":null},{"ID":"EPA0136","Standard":"105","EffectiveFrom":"2018-02-01T00:00:00","EffectiveTo":null},{"ID":"EPA0137","Standard":"169","EffectiveFrom":"2019-02-01T00:00:00","EffectiveTo":null},{"ID":"EPA0137","Standard":"93","EffectiveFrom":"2018-05-01T00:00:00","EffectiveTo":null},{"ID":"EPA0137","Standard":"96","EffectiveFrom":"2019-10-01T00:00:00","EffectiveTo":null},{"ID":"EPA0138","Standard":"204","EffectiveFrom":"2018-08-01T00:00:00","EffectiveTo":null},{"ID":"EPA0139","Standard":"203","EffectiveFrom":"2018-08-01T00:00:00","EffectiveTo":null},{"ID":"EPA0140","Standard":"110","EffectiveFrom":"2019-01-01T00:00:00","EffectiveTo":null},{"ID":"EPA0140","Standard":"111","EffectiveFrom":"2019-01-01T00:00:00","EffectiveTo":null},{"ID":"EPA0140","Standard":"338","EffectiveFrom":"2019-11-05T00:00:00","EffectiveTo":null},{"ID":"EPA0141","Standard":"108","EffectiveFrom":"2018-08-01T00:00:00","EffectiveTo":null},{"ID":"EPA0142","Standard":"217","EffectiveFrom":"2018-11-01T00:00:00","EffectiveTo":null},{"ID":"EPA0142","Standard":"218","EffectiveFrom":"2019-02-01T00:00:00","EffectiveTo":null},{"ID":"EPA0143","Standard":"110","EffectiveFrom":"2018-03-01T00:00:00","EffectiveTo":null},{"ID":"EPA0144","Standard":"118","EffectiveFrom":"2018-04-01T00:00:00","EffectiveTo":null},{"ID":"EPA0144","Standard":"119","EffectiveFrom":"2018-04-01T00:00:00","EffectiveTo":null},{"ID":"EPA0145","Standard":"25","EffectiveFrom":"2018-03-28T00:00:00","EffectiveTo":null},{"ID":"EPA0145","Standard":"256","EffectiveFrom":"2018-11-01T00:00:00","EffectiveTo":null},{"ID":"EPA0145","Standard":"327","EffectiveFrom":"2019-10-08T00:00:00","EffectiveTo":null},{"ID":"EPA0146","Standard":"1","EffectiveFrom":"2018-12-01T00:00:00","EffectiveTo":null},{"ID":"EPA0146","Standard":"118","EffectiveFrom":"2018-04-01T00:00:00","EffectiveTo":null},{"ID":"EPA0146","Standard":"119","EffectiveFrom":"2018-04-01T00:00:00","EffectiveTo":null},{"ID":"EPA0146","Standard":"154","EffectiveFrom":"2018-12-01T00:00:00","EffectiveTo":null},{"ID":"EPA0146","Standard":"2","EffectiveFrom":"2018-12-01T00:00:00","EffectiveTo":null},{"ID":"EPA0146","Standard":"78","EffectiveFrom":"2018-12-01T00:00:00","EffectiveTo":null},{"ID":"EPA0147","Standard":"100","EffectiveFrom":"2018-05-01T00:00:00","EffectiveTo":null},{"ID":"EPA0148","Standard":"237","EffectiveFrom":"2018-06-01T00:00:00","EffectiveTo":null},{"ID":"EPA0148","Standard":"238","EffectiveFrom":"2018-06-01T00:00:00","EffectiveTo":null},{"ID":"EPA0148","Standard":"375","EffectiveFrom":"2020-06-01T00:00:00","EffectiveTo":null},{"ID":"EPA0148","Standard":"405","EffectiveFrom":"2020-06-01T00:00:00","EffectiveTo":null},{"ID":"EPA0148","Standard":"493","EffectiveFrom":"2019-10-22T00:00:00","EffectiveTo":null},{"ID":"EPA0149","Standard":"203","EffectiveFrom":"2018-08-01T00:00:00","EffectiveTo":null},{"ID":"EPA0150","Standard":"25","EffectiveFrom":"2018-05-01T00:00:00","EffectiveTo":null},{"ID":"EPA0151","Standard":"105","EffectiveFrom":"2018-07-01T00:00:00","EffectiveTo":null},{"ID":"EPA0151","Standard":"111","EffectiveFrom":"2018-07-01T00:00:00","EffectiveTo":null},{"ID":"EPA0151","Standard":"196","EffectiveFrom":"2018-07-01T00:00:00","EffectiveTo":null},{"ID":"EPA0153","Standard":"168","EffectiveFrom":"2018-12-01T00:00:00","EffectiveTo":null},{"ID":"EPA0153","Standard":"391","EffectiveFrom":"2019-04-01T00:00:00","EffectiveTo":null},{"ID":"EPA0153","Standard":"397","EffectiveFrom":"2019-04-01T00:00:00","EffectiveTo":null},{"ID":"EPA0154","Standard":"176","EffectiveFrom":"2019-04-01T00:00:00","EffectiveTo":null},{"ID":"EPA0154","Standard":"59","EffectiveFrom":"2018-09-01T00:00:00","EffectiveTo":null},{"ID":"EPA0155","Standard":"184","EffectiveFrom":"2018-12-01T00:00:00","EffectiveTo":null},{"ID":"EPA0156","Standard":"203","EffectiveFrom":"2018-12-01T00:00:00","EffectiveTo":null},{"ID":"EPA0156","Standard":"25","EffectiveFrom":"2018-07-01T00:00:00","EffectiveTo":null},{"ID":"EPA0157","Standard":"101","EffectiveFrom":"2019-02-01T00:00:00","EffectiveTo":null},{"ID":"EPA0157","Standard":"104","EffectiveFrom":"2019-07-01T00:00:00","EffectiveTo":null},{"ID":"EPA0157","Standard":"105","EffectiveFrom":"2018-08-01T00:00:00","EffectiveTo":null},{"ID":"EPA0157","Standard":"111","EffectiveFrom":"2019-07-01T00:00:00","EffectiveTo":null},{"ID":"EPA0157","Standard":"118","EffectiveFrom":"2019-06-01T00:00:00","EffectiveTo":null},{"ID":"EPA0157","Standard":"119","EffectiveFrom":"2019-06-01T00:00:00","EffectiveTo":null},{"ID":"EPA0157","Standard":"138","EffectiveFrom":"2019-01-01T00:00:00","EffectiveTo":null},{"ID":"EPA0157","Standard":"139","EffectiveFrom":"2019-06-01T00:00:00","EffectiveTo":null},{"ID":"EPA0157","Standard":"140","EffectiveFrom":"2019-02-01T00:00:00","EffectiveTo":null},{"ID":"EPA0157","Standard":"147","EffectiveFrom":"2019-02-01T00:00:00","EffectiveTo":null},{"ID":"EPA0157","Standard":"169","EffectiveFrom":"2019-07-01T00:00:00","EffectiveTo":null},{"ID":"EPA0157","Standard":"196","EffectiveFrom":"2019-09-01T00:00:00","EffectiveTo":null},{"ID":"EPA0157","Standard":"223","EffectiveFrom":"2019-09-01T00:00:00","EffectiveTo":null},{"ID":"EPA0157","Standard":"93","EffectiveFrom":"2019-06-01T00:00:00","EffectiveTo":null},{"ID":"EPA0157","Standard":"96","EffectiveFrom":"2019-01-01T00:00:00","EffectiveTo":null},{"ID":"EPA0159","Standard":"203","EffectiveFrom":"2019-02-01T00:00:00","EffectiveTo":null},{"ID":"EPA0160","Standard":"239","EffectiveFrom":"2018-11-01T00:00:00","EffectiveTo":null},{"ID":"EPA0160","Standard":"240","EffectiveFrom":"2018-11-01T00:00:00","EffectiveTo":null},{"ID":"EPA0161","Standard":"203","EffectiveFrom":"2018-08-01T00:00:00","EffectiveTo":null},{"ID":"EPA0162","Standard":"203","EffectiveFrom":"2018-08-01T00:00:00","EffectiveTo":null},{"ID":"EPA0163","Standard":"204","EffectiveFrom":"2018-11-01T00:00:00","EffectiveTo":null},{"ID":"EPA0164","Standard":"26","EffectiveFrom":"2018-08-01T00:00:00","EffectiveTo":null},{"ID":"EPA0165","Standard":"203","EffectiveFrom":"2018-08-01T00:00:00","EffectiveTo":null},{"ID":"EPA0166","Standard":"170","EffectiveFrom":"2019-03-01T00:00:00","EffectiveTo":null},{"ID":"EPA0167","Standard":"243","EffectiveFrom":"2019-03-01T00:00:00","EffectiveTo":null},{"ID":"EPA0168","Standard":"25","EffectiveFrom":"2018-07-01T00:00:00","EffectiveTo":null},{"ID":"EPA0169","Standard":"25","EffectiveFrom":"2018-06-01T00:00:00","EffectiveTo":null},{"ID":"EPA0170","Standard":"204","EffectiveFrom":"2019-03-01T00:00:00","EffectiveTo":null},{"ID":"EPA0171","Standard":"25","EffectiveFrom":"2018-09-01T00:00:00","EffectiveTo":null},{"ID":"EPA0171","Standard":"256","EffectiveFrom":"2019-02-01T00:00:00","EffectiveTo":null},{"ID":"EPA0171","Standard":"300","EffectiveFrom":"2018-09-01T00:00:00","EffectiveTo":null},{"ID":"EPA0171","Standard":"355","EffectiveFrom":"2021-03-01T00:00:00","EffectiveTo":null},{"ID":"EPA0172","Standard":"215","EffectiveFrom":"2018-09-01T00:00:00","EffectiveTo":null},{"ID":"EPA0172","Standard":"251","EffectiveFrom":"2018-09-01T00:00:00","EffectiveTo":null},{"ID":"EPA0173","Standard":"256","EffectiveFrom":"2018-07-01T00:00:00","EffectiveTo":null},{"ID":"EPA0174","Standard":"203","EffectiveFrom":"2018-10-01T00:00:00","EffectiveTo":null},{"ID":"EPA0174","Standard":"252","EffectiveFrom":"2019-09-16T00:00:00","EffectiveTo":null},{"ID":"EPA0175","Standard":"215","EffectiveFrom":"2019-07-01T00:00:00","EffectiveTo":null},{"ID":"EPA0175","Standard":"263","EffectiveFrom":"2019-04-04T00:00:00","EffectiveTo":null},{"ID":"EPA0175","Standard":"335","EffectiveFrom":"2019-07-01T00:00:00","EffectiveTo":null},{"ID":"EPA0175","Standard":"351","EffectiveFrom":"2019-07-01T00:00:00","EffectiveTo":null},{"ID":"EPA0177","Standard":"263","EffectiveFrom":"2019-04-01T00:00:00","EffectiveTo":null},{"ID":"EPA0177","Standard":"335","EffectiveFrom":"2019-07-01T00:00:00","EffectiveTo":null},{"ID":"EPA0178","Standard":"215","EffectiveFrom":"2018-10-01T00:00:00","EffectiveTo":null},{"ID":"EPA0178","Standard":"251","EffectiveFrom":"2019-03-01T00:00:00","EffectiveTo":null},{"ID":"EPA0178","Standard":"321","EffectiveFrom":"2019-02-01T00:00:00","EffectiveTo":null},{"ID":"EPA0179","Standard":"304","EffectiveFrom":"2019-02-01T00:00:00","EffectiveTo":null},{"ID":"EPA0179","Standard":"461","EffectiveFrom":"2020-05-01T00:00:00","EffectiveTo":null},{"ID":"EPA0179","Standard":"513","EffectiveFrom":"2020-06-30T00:00:00","EffectiveTo":null},{"ID":"EPA0180","Standard":"25","EffectiveFrom":"2018-08-01T00:00:00","EffectiveTo":null},{"ID":"EPA0180","Standard":"252","EffectiveFrom":"2019-08-14T00:00:00","EffectiveTo":null},{"ID":"EPA0181","Standard":"118","EffectiveFrom":"2019-02-01T00:00:00","EffectiveTo":null},{"ID":"EPA0181","Standard":"119","EffectiveFrom":"2019-02-01T00:00:00","EffectiveTo":null},{"ID":"EPA0181","Standard":"128","EffectiveFrom":"2019-06-01T00:00:00","EffectiveTo":null},{"ID":"EPA0181","Standard":"232","EffectiveFrom":"2019-06-01T00:00:00","EffectiveTo":null},{"ID":"EPA0182","Standard":"105","EffectiveFrom":"2019-03-01T00:00:00","EffectiveTo":null},{"ID":"EPA0182","Standard":"128","EffectiveFrom":"2019-10-23T00:00:00","EffectiveTo":null},{"ID":"EPA0182","Standard":"196","EffectiveFrom":"2019-05-01T00:00:00","EffectiveTo":null},{"ID":"EPA0183","Standard":"189","EffectiveFrom":"2018-11-01T00:00:00","EffectiveTo":null},{"ID":"EPA0184","Standard":"118","EffectiveFrom":"2019-05-01T00:00:00","EffectiveTo":null},{"ID":"EPA0184","Standard":"119","EffectiveFrom":"2019-05-01T00:00:00","EffectiveTo":null},{"ID":"EPA0185","Standard":"305","EffectiveFrom":"2019-02-01T00:00:00","EffectiveTo":null},{"ID":"EPA0186","Standard":"161","EffectiveFrom":"2019-05-01T00:00:00","EffectiveTo":null},{"ID":"EPA0187","Standard":"196","EffectiveFrom":"2019-01-01T00:00:00","EffectiveTo":null},{"ID":"EPA0188","Standard":"178","EffectiveFrom":"2019-06-01T00:00:00","EffectiveTo":null},{"ID":"EPA0188","Standard":"198","EffectiveFrom":"2019-06-01T00:00:00","EffectiveTo":null},{"ID":"EPA0188","Standard":"275","EffectiveFrom":"2019-06-01T00:00:00","EffectiveTo":null},{"ID":"EPA0188","Standard":"276","EffectiveFrom":"2019-06-01T00:00:00","EffectiveTo":null},{"ID":"EPA0189","Standard":"25","EffectiveFrom":"2018-09-01T00:00:00","EffectiveTo":null},{"ID":"EPA0189","Standard":"252","EffectiveFrom":"2019-01-01T00:00:00","EffectiveTo":null},{"ID":"EPA0190","Standard":"159","EffectiveFrom":"2018-09-01T00:00:00","EffectiveTo":null},{"ID":"EPA0190","Standard":"215","EffectiveFrom":"2018-09-01T00:00:00","EffectiveTo":null},{"ID":"EPA0191","Standard":"310","EffectiveFrom":"2019-07-01T00:00:00","EffectiveTo":null},{"ID":"EPA0192","Standard":"197","EffectiveFrom":"2019-04-01T00:00:00","EffectiveTo":null},{"ID":"EPA0193","Standard":"104","EffectiveFrom":"2019-08-01T00:00:00","EffectiveTo":null},{"ID":"EPA0193","Standard":"105","EffectiveFrom":"2019-05-01T00:00:00","EffectiveTo":null},{"ID":"EPA0193","Standard":"110","EffectiveFrom":"2019-09-01T00:00:00","EffectiveTo":null},{"ID":"EPA0193","Standard":"118","EffectiveFrom":"2019-10-01T00:00:00","EffectiveTo":null},{"ID":"EPA0193","Standard":"119","EffectiveFrom":"2019-10-01T00:00:00","EffectiveTo":null},{"ID":"EPA0193","Standard":"128","EffectiveFrom":"2019-08-14T00:00:00","EffectiveTo":null},{"ID":"EPA0193","Standard":"189","EffectiveFrom":"2019-03-01T00:00:00","EffectiveTo":null},{"ID":"EPA0193","Standard":"196","EffectiveFrom":"2019-06-28T00:00:00","EffectiveTo":null},{"ID":"EPA0194","Standard":"239","EffectiveFrom":"2019-06-01T00:00:00","EffectiveTo":null},{"ID":"EPA0194","Standard":"240","EffectiveFrom":"2019-06-01T00:00:00","EffectiveTo":null},{"ID":"EPA0194","Standard":"287","EffectiveFrom":"2019-06-01T00:00:00","EffectiveTo":null},{"ID":"EPA0195","Standard":"162","EffectiveFrom":"2019-10-01T00:00:00","EffectiveTo":null},{"ID":"EPA0195","Standard":"260","EffectiveFrom":"2019-08-01T00:00:00","EffectiveTo":null},{"ID":"EPA0195","Standard":"316","EffectiveFrom":"2019-09-30T00:00:00","EffectiveTo":null},{"ID":"EPA0195","Standard":"374","EffectiveFrom":"2019-09-01T00:00:00","EffectiveTo":null},{"ID":"EPA0196","Standard":"108","EffectiveFrom":"2018-09-01T00:00:00","EffectiveTo":null},{"ID":"EPA0196","Standard":"167","EffectiveFrom":"2018-09-01T00:00:00","EffectiveTo":null},{"ID":"EPA0197","Standard":"118","EffectiveFrom":"2019-01-01T00:00:00","EffectiveTo":null},{"ID":"EPA0197","Standard":"119","EffectiveFrom":"2019-01-01T00:00:00","EffectiveTo":null},{"ID":"EPA0198","Standard":"265","EffectiveFrom":"2020-01-01T00:00:00","EffectiveTo":null},{"ID":"EPA0198","Standard":"322","EffectiveFrom":"2019-06-01T00:00:00","EffectiveTo":null},{"ID":"EPA0198","Standard":"350","EffectiveFrom":"2019-09-01T00:00:00","EffectiveTo":null},{"ID":"EPA0199","Standard":"285","EffectiveFrom":"2019-05-01T00:00:00","EffectiveTo":null},{"ID":"EPA0200","Standard":"190","EffectiveFrom":"2019-01-01T00:00:00","EffectiveTo":null},{"ID":"EPA0200","Standard":"191","EffectiveFrom":"2019-01-01T00:00:00","EffectiveTo":null},{"ID":"EPA0200","Standard":"325","EffectiveFrom":"2019-01-01T00:00:00","EffectiveTo":null},{"ID":"EPA0200","Standard":"326","EffectiveFrom":"2019-01-01T00:00:00","EffectiveTo":null},{"ID":"EPA0201","Standard":"273","EffectiveFrom":"2019-01-01T00:00:00","EffectiveTo":null},{"ID":"EPA0202","Standard":"104","EffectiveFrom":"2019-12-04T00:00:00","EffectiveTo":null},{"ID":"EPA0202","Standard":"105","EffectiveFrom":"2019-04-01T00:00:00","EffectiveTo":null},{"ID":"EPA0202","Standard":"174","EffectiveFrom":"2019-12-04T00:00:00","EffectiveTo":null},{"ID":"EPA0202","Standard":"191","EffectiveFrom":"2019-04-01T00:00:00","EffectiveTo":null},{"ID":"EPA0202","Standard":"196","EffectiveFrom":"2019-04-01T00:00:00","EffectiveTo":null},{"ID":"EPA0203","Standard":"320","EffectiveFrom":"2019-04-01T00:00:00","EffectiveTo":null},{"ID":"EPA0204","Standard":"183","EffectiveFrom":"2019-07-01T00:00:00","EffectiveTo":null},{"ID":"EPA0204","Standard":"393","EffectiveFrom":"2019-12-01T00:00:00","EffectiveTo":null},{"ID":"EPA0205","Standard":"176","EffectiveFrom":"2019-03-01T00:00:00","EffectiveTo":null},{"ID":"EPA0206","Standard":"118","EffectiveFrom":"2019-02-01T00:00:00","EffectiveTo":null},{"ID":"EPA0206","Standard":"119","EffectiveFrom":"2019-02-01T00:00:00","EffectiveTo":null},{"ID":"EPA0206","Standard":"191","EffectiveFrom":"2019-02-01T00:00:00","EffectiveTo":null},{"ID":"EPA0207","Standard":"257","EffectiveFrom":"2019-08-01T00:00:00","EffectiveTo":null},{"ID":"EPA0208","Standard":"241","EffectiveFrom":"2019-05-01T00:00:00","EffectiveTo":null},{"ID":"EPA0209","Standard":"356","EffectiveFrom":"2019-05-01T00:00:00","EffectiveTo":null},{"ID":"EPA0210","Standard":"25","EffectiveFrom":"2019-12-01T00:00:00","EffectiveTo":null},{"ID":"EPA0210","Standard":"252","EffectiveFrom":"2020-01-01T00:00:00","EffectiveTo":null},{"ID":"EPA0210","Standard":"327","EffectiveFrom":"2020-01-01T00:00:00","EffectiveTo":null},{"ID":"EPA0210","Standard":"381","EffectiveFrom":"2020-03-01T00:00:00","EffectiveTo":null},{"ID":"EPA0211","Standard":"118","EffectiveFrom":"2019-08-01T00:00:00","EffectiveTo":null},{"ID":"EPA0211","Standard":"119","EffectiveFrom":"2019-08-01T00:00:00","EffectiveTo":null},{"ID":"EPA0212","Standard":"250","EffectiveFrom":"2018-11-01T00:00:00","EffectiveTo":null},{"ID":"EPA0213","Standard":"118","EffectiveFrom":"2018-12-01T00:00:00","EffectiveTo":null},{"ID":"EPA0213","Standard":"119","EffectiveFrom":"2018-12-01T00:00:00","EffectiveTo":null},{"ID":"EPA0214","Standard":"106","EffectiveFrom":"2019-11-01T00:00:00","EffectiveTo":null},{"ID":"EPA0214","Standard":"315","EffectiveFrom":"2020-02-01T00:00:00","EffectiveTo":null},{"ID":"EPA0214","Standard":"415","EffectiveFrom":"2019-09-01T00:00:00","EffectiveTo":null},{"ID":"EPA0214","Standard":"71","EffectiveFrom":"2019-06-01T00:00:00","EffectiveTo":null},{"ID":"EPA0214","Standard":"80","EffectiveFrom":"2020-01-01T00:00:00","EffectiveTo":null},{"ID":"EPA0215","Standard":"320","EffectiveFrom":"2019-03-01T00:00:00","EffectiveTo":null},{"ID":"EPA0216","Standard":"256","EffectiveFrom":"2019-09-01T00:00:00","EffectiveTo":null},{"ID":"EPA0217","Standard":"104","EffectiveFrom":"2019-04-01T00:00:00","EffectiveTo":null},{"ID":"EPA0217","Standard":"105","EffectiveFrom":"2019-04-01T00:00:00","EffectiveTo":null},{"ID":"EPA0217","Standard":"55","EffectiveFrom":"2019-04-01T00:00:00","EffectiveTo":null},{"ID":"EPA0218","Standard":"237","EffectiveFrom":"2019-04-01T00:00:00","EffectiveTo":null},{"ID":"EPA0218","Standard":"238","EffectiveFrom":"2019-04-01T00:00:00","EffectiveTo":null},{"ID":"EPA0219","Standard":"226","EffectiveFrom":"2019-08-01T00:00:00","EffectiveTo":null},{"ID":"EPA0219","Standard":"76","EffectiveFrom":"2019-08-01T00:00:00","EffectiveTo":null},{"ID":"EPA0220","Standard":"118","EffectiveFrom":"2019-04-01T00:00:00","EffectiveTo":null},{"ID":"EPA0220","Standard":"119","EffectiveFrom":"2019-04-01T00:00:00","EffectiveTo":null},{"ID":"EPA0221","Standard":"122","EffectiveFrom":"2019-06-01T00:00:00","EffectiveTo":null},{"ID":"EPA0223","Standard":"25","EffectiveFrom":"2019-09-01T00:00:00","EffectiveTo":null},{"ID":"EPA0224","Standard":"382","EffectiveFrom":"2019-04-01T00:00:00","EffectiveTo":null},{"ID":"EPA0225","Standard":"232","EffectiveFrom":"2019-10-01T00:00:00","EffectiveTo":null},{"ID":"EPA0226","Standard":"74","EffectiveFrom":"2020-04-30T00:00:00","EffectiveTo":null},{"ID":"EPA0227","Standard":"272","EffectiveFrom":"2019-09-01T00:00:00","EffectiveTo":null},{"ID":"EPA0228","Standard":"25","EffectiveFrom":"2018-12-01T00:00:00","EffectiveTo":null},{"ID":"EPA0229","Standard":"285","EffectiveFrom":"2019-04-01T00:00:00","EffectiveTo":null},{"ID":"EPA0230","Standard":"25","EffectiveFrom":"2018-12-01T00:00:00","EffectiveTo":null},{"ID":"EPA0231","Standard":"237","EffectiveFrom":"2019-05-01T00:00:00","EffectiveTo":null},{"ID":"EPA0231","Standard":"238","EffectiveFrom":"2019-05-01T00:00:00","EffectiveTo":null},{"ID":"EPA0231","Standard":"375","EffectiveFrom":"2019-05-01T00:00:00","EffectiveTo":null},{"ID":"EPA0231","Standard":"405","EffectiveFrom":"2019-05-01T00:00:00","EffectiveTo":null},{"ID":"EPA0232","Standard":"295","EffectiveFrom":"2019-11-01T00:00:00","EffectiveTo":null},{"ID":"EPA0232","Standard":"324","EffectiveFrom":"2020-01-01T00:00:00","EffectiveTo":null},{"ID":"EPA0233","Standard":"25","EffectiveFrom":"2019-05-01T00:00:00","EffectiveTo":null},{"ID":"EPA0234","Standard":"369","EffectiveFrom":"2019-06-01T00:00:00","EffectiveTo":null},{"ID":"EPA0235","Standard":"196","EffectiveFrom":"2019-05-01T00:00:00","EffectiveTo":null},{"ID":"EPA0235","Standard":"423","EffectiveFrom":"2020-05-31T00:00:00","EffectiveTo":null},{"ID":"EPA0236","Standard":"68","EffectiveFrom":"2019-08-01T00:00:00","EffectiveTo":null},{"ID":"EPA0237","Standard":"118","EffectiveFrom":"2019-05-01T00:00:00","EffectiveTo":null},{"ID":"EPA0237","Standard":"119","EffectiveFrom":"2019-05-01T00:00:00","EffectiveTo":null},{"ID":"EPA0238","Standard":"321","EffectiveFrom":"2019-05-01T00:00:00","EffectiveTo":null},{"ID":"EPA0239","Standard":"25","EffectiveFrom":"2019-10-01T00:00:00","EffectiveTo":null},{"ID":"EPA0239","Standard":"291","EffectiveFrom":"2019-10-01T00:00:00","EffectiveTo":null},{"ID":"EPA0239","Standard":"47","EffectiveFrom":"2019-09-01T00:00:00","EffectiveTo":null},{"ID":"EPA0240","Standard":"104","EffectiveFrom":"2019-12-02T00:00:00","EffectiveTo":null},{"ID":"EPA0240","Standard":"236","EffectiveFrom":"2019-12-02T00:00:00","EffectiveTo":null},{"ID":"EPA0240","Standard":"348","EffectiveFrom":"2019-09-01T00:00:00","EffectiveTo":null},{"ID":"EPA0240","Standard":"349","EffectiveFrom":"2019-09-01T00:00:00","EffectiveTo":null},{"ID":"EPA0240","Standard":"369","EffectiveFrom":"2019-12-02T00:00:00","EffectiveTo":null},{"ID":"EPA0240","Standard":"480","EffectiveFrom":"2019-12-02T00:00:00","EffectiveTo":null},{"ID":"EPA0241","Standard":"175","EffectiveFrom":"2019-06-01T00:00:00","EffectiveTo":null},{"ID":"EPA0241","Standard":"476","EffectiveFrom":"2019-11-20T00:00:00","EffectiveTo":null},{"ID":"EPA0242","Standard":"25","EffectiveFrom":"2020-01-20T00:00:00","EffectiveTo":null},{"ID":"EPA0242","Standard":"381","EffectiveFrom":"2019-12-01T00:00:00","EffectiveTo":null},{"ID":"EPA0243","Standard":"203","EffectiveFrom":"2019-06-01T00:00:00","EffectiveTo":null},{"ID":"EPA0244","Standard":"205","EffectiveFrom":"2019-10-01T00:00:00","EffectiveTo":null},{"ID":"EPA0244","Standard":"60","EffectiveFrom":"2019-10-01T00:00:00","EffectiveTo":null},{"ID":"EPA0244","Standard":"63","EffectiveFrom":"2019-10-01T00:00:00","EffectiveTo":null},{"ID":"EPA0245","Standard":"203","EffectiveFrom":"2019-04-01T00:00:00","EffectiveTo":null},{"ID":"EPA0246","Standard":"189","EffectiveFrom":"2019-07-01T00:00:00","EffectiveTo":null},{"ID":"EPA0246","Standard":"493","EffectiveFrom":"2019-10-01T00:00:00","EffectiveTo":null},{"ID":"EPA0247","Standard":"105","EffectiveFrom":"2019-07-29T00:00:00","EffectiveTo":null},{"ID":"EPA0247","Standard":"118","EffectiveFrom":"2019-07-01T00:00:00","EffectiveTo":null},{"ID":"EPA0247","Standard":"119","EffectiveFrom":"2019-07-01T00:00:00","EffectiveTo":null},{"ID":"EPA0248","Standard":"372","EffectiveFrom":"2019-07-01T00:00:00","EffectiveTo":null},{"ID":"EPA0249","Standard":"424","EffectiveFrom":"2020-01-01T00:00:00","EffectiveTo":null},{"ID":"EPA0250","Standard":"25","EffectiveFrom":"2019-06-01T00:00:00","EffectiveTo":null},{"ID":"EPA0250","Standard":"55","EffectiveFrom":"2019-06-01T00:00:00","EffectiveTo":null},{"ID":"EPA0251","Standard":"184","EffectiveFrom":"2019-10-22T00:00:00","EffectiveTo":null},{"ID":"EPA0251","Standard":"25","EffectiveFrom":"2019-05-01T00:00:00","EffectiveTo":null},{"ID":"EPA0251","Standard":"252","EffectiveFrom":"2019-11-05T00:00:00","EffectiveTo":null},{"ID":"EPA0251","Standard":"306","EffectiveFrom":"2019-10-01T00:00:00","EffectiveTo":null},{"ID":"EPA0251","Standard":"434","EffectiveFrom":"2019-10-22T00:00:00","EffectiveTo":null},{"ID":"EPA0252","Standard":"203","EffectiveFrom":"2019-01-01T00:00:00","EffectiveTo":null},{"ID":"EPA0252","Standard":"272","EffectiveFrom":"2019-01-01T00:00:00","EffectiveTo":null},{"ID":"EPA0253","Standard":"105","EffectiveFrom":"2019-05-28T00:00:00","EffectiveTo":null},{"ID":"EPA0254","Standard":"25","EffectiveFrom":"2019-05-28T00:00:00","EffectiveTo":null},{"ID":"EPA0255","Standard":"105","EffectiveFrom":"2020-01-01T00:00:00","EffectiveTo":null},{"ID":"EPA0255","Standard":"196","EffectiveFrom":"2019-10-01T00:00:00","EffectiveTo":null},{"ID":"EPA0256","Standard":"156","EffectiveFrom":"2019-05-01T00:00:00","EffectiveTo":null},{"ID":"EPA0257","Standard":"104","EffectiveFrom":"2020-02-01T00:00:00","EffectiveTo":null},{"ID":"EPA0257","Standard":"105","EffectiveFrom":"2020-01-01T00:00:00","EffectiveTo":null},{"ID":"EPA0257","Standard":"118","EffectiveFrom":"2019-10-01T00:00:00","EffectiveTo":null},{"ID":"EPA0257","Standard":"119","EffectiveFrom":"2019-07-29T00:00:00","EffectiveTo":null},{"ID":"EPA0257","Standard":"196","EffectiveFrom":"2019-10-01T00:00:00","EffectiveTo":null},{"ID":"EPA0258","Standard":"203","EffectiveFrom":"2019-05-01T00:00:00","EffectiveTo":null},{"ID":"EPA0259","Standard":"343","EffectiveFrom":"2019-12-01T00:00:00","EffectiveTo":null},{"ID":"EPA0260","Standard":"101","EffectiveFrom":"2020-01-01T00:00:00","EffectiveTo":null},{"ID":"EPA0260","Standard":"140","EffectiveFrom":"2020-01-01T00:00:00","EffectiveTo":null},{"ID":"EPA0261","Standard":"143","EffectiveFrom":"2020-01-01T00:00:00","EffectiveTo":null},{"ID":"EPA0261","Standard":"144","EffectiveFrom":"2019-02-01T00:00:00","EffectiveTo":null},{"ID":"EPA0261","Standard":"31","EffectiveFrom":"2019-12-15T00:00:00","EffectiveTo":null},{"ID":"EPA0261","Standard":"33","EffectiveFrom":"2020-02-01T00:00:00","EffectiveTo":null},{"ID":"EPA0263","Standard":"170","EffectiveFrom":"2019-09-01T00:00:00","EffectiveTo":null},{"ID":"EPA0263","Standard":"434","EffectiveFrom":"2019-11-01T00:00:00","EffectiveTo":null},{"ID":"EPA0264","Standard":"233","EffectiveFrom":"2018-11-01T00:00:00","EffectiveTo":null},{"ID":"EPA0264","Standard":"234","EffectiveFrom":"2018-11-01T00:00:00","EffectiveTo":null},{"ID":"EPA0265","Standard":"14","EffectiveFrom":"2019-08-14T00:00:00","EffectiveTo":null},{"ID":"EPA0266","Standard":"168","EffectiveFrom":"2021-05-01T00:00:00","EffectiveTo":null},{"ID":"EPA0266","Standard":"25","EffectiveFrom":"2021-05-03T00:00:00","EffectiveTo":null},{"ID":"EPA0266","Standard":"256","EffectiveFrom":"2022-05-02T00:00:00","EffectiveTo":null},{"ID":"EPA0266","Standard":"306","EffectiveFrom":"2019-10-22T00:00:00","EffectiveTo":null},{"ID":"EPA0267","Standard":"333","EffectiveFrom":"2019-09-01T00:00:00","EffectiveTo":null},{"ID":"EPA0268","Standard":"18","EffectiveFrom":"2019-10-14T00:00:00","EffectiveTo":null},{"ID":"EPA0269","Standard":"404","EffectiveFrom":"2020-09-01T00:00:00","EffectiveTo":null},{"ID":"EPA0270","Standard":"327","EffectiveFrom":"2020-09-01T00:00:00","EffectiveTo":null},{"ID":"EPA0271","Standard":"252","EffectiveFrom":"2022-05-18T00:00:00","EffectiveTo":null},{"ID":"EPA0272","Standard":"252","EffectiveFrom":"2019-10-01T00:00:00","EffectiveTo":null},{"ID":"EPA0273","Standard":"189","EffectiveFrom":"2019-10-08T00:00:00","EffectiveTo":null},{"ID":"EPA0274","Standard":"252","EffectiveFrom":"2020-02-01T00:00:00","EffectiveTo":null},{"ID":"EPA0275","Standard":"471","EffectiveFrom":"2020-03-01T00:00:00","EffectiveTo":null},{"ID":"EPA0276","Standard":"25","EffectiveFrom":"2019-10-22T00:00:00","EffectiveTo":null},{"ID":"EPA0277","Standard":"430","EffectiveFrom":"2019-12-31T00:00:00","EffectiveTo":null},{"ID":"EPA0278","Standard":"281","EffectiveFrom":"2020-02-28T00:00:00","EffectiveTo":null},{"ID":"EPA0279","Standard":"238","EffectiveFrom":"2019-11-20T00:00:00","EffectiveTo":null},{"ID":"EPA0280","Standard":"367","EffectiveFrom":"2019-11-20T00:00:00","EffectiveTo":null},{"ID":"EPA0281","Standard":"119","EffectiveFrom":"2019-11-20T00:00:00","EffectiveTo":null},{"ID":"EPA0282","Standard":"481","EffectiveFrom":"2019-12-02T00:00:00","EffectiveTo":null}]