[{"SofCode":"115","McaGlaShortCode":"CPCA","McaGlaFullName":"Cambridgeshire and Peterborough Combined Authority","EffectiveFrom":"2019-08-01T00:00:00","EffectiveTo":null},{"SofCode":"105","McaGlaShortCode":"EnglandND","McaGlaFullName":"England Non-devolved","EffectiveFrom":"2019-08-01T00:00:00","EffectiveTo":null},{"SofCode":"110","McaGlaShortCode":"GMCA","McaGlaFullName":"Greater Manchester Combined Authority","EffectiveFrom":"2019-08-01T00:00:00","EffectiveTo":null},{"SofCode":"111","McaGlaShortCode":"LCRCA","McaGlaFullName":"Liverpool City Region Combined Authority","EffectiveFrom":"2019-08-01T00:00:00","EffectiveTo":null},{"SofCode":"116","McaGlaShortCode":"London","McaGlaFullName":"Greater London Authority","EffectiveFrom":"2019-08-01T00:00:00","EffectiveTo":null},{"SofCode":"105","McaGlaShortCode":"NTCA","McaGlaFullName":"North of Tyne Combined Authority","EffectiveFrom":"2019-08-01T00:00:00","EffectiveTo":"2020-07-31T00:00:00"},{"SofCode":"117","McaGlaShortCode":"NTCA","McaGlaFullName":"North of Tyne Combined Authority","EffectiveFrom":"2020-08-01T00:00:00","EffectiveTo":null},{"SofCode":null,"McaGlaShortCode":"Scotland","McaGlaFullName":"Scotland","EffectiveFrom":"2019-08-01T00:00:00","EffectiveTo":null},{"SofCode":"105","McaGlaShortCode":"SCRCA","McaGlaFullName":"Sheffield City Region Combined Authority","EffectiveFrom":"2019-08-01T00:00:00","EffectiveTo":"2021-07-31T00:00:00"},{"SofCode":"114","McaGlaShortCode":"TVCA","McaGlaFullName":"Tees Valley Combined Authority","EffectiveFrom":"2019-08-01T00:00:00","EffectiveTo":null},{"SofCode":null,"McaGlaShortCode":"Wales","McaGlaFullName":"Wales","EffectiveFrom":"2019-08-01T00:00:00","EffectiveTo":null},{"SofCode":"113","McaGlaShortCode":"WECA","McaGlaFullName":"West of England Combined Authority","EffectiveFrom":"2019-08-01T00:00:00","EffectiveTo":null},{"SofCode":"112","McaGlaShortCode":"WMCA","McaGlaFullName":"West Midlands Combined Authority","EffectiveFrom":"2019-08-01T00:00:00","EffectiveTo":null}]